treeID,Hmean,Hsd,Hmedian,Hmax,Hskew,Hkurt,Hentropy,H01TH,H02TH,H03TH,H04TH,H05TH,H06TH,H07TH,H08TH,H09TH,H10TH,H11TH,H12TH,H13TH,H14TH,H15TH,H16TH,H17TH,H18TH,H19TH,H20TH,H21TH,H22TH,H23TH,H24TH,H25TH,H26TH,H27TH,H28TH,H29TH,H30TH,H31TH,H32TH,H33TH,H34TH,H35TH,H36TH,H37TH,H38TH,H39TH,H40TH,H41TH,H42TH,H43TH,H44TH,H45TH,H46TH,H47TH,H48TH,H49TH,H50TH,H51TH,H52TH,H53TH,H54TH,H55TH,H56TH,H57TH,H58TH,H59TH,H60TH,H61TH,H62TH,H63TH,H64TH,H65TH,H66TH,H67TH,H68TH,H69TH,H70TH,H71TH,H72TH,H73TH,H74TH,H75TH,H76TH,H77TH,H78TH,H79TH,H80TH,H81TH,H82TH,H83TH,H84TH,H85TH,H86TH,H87TH,H88TH,H89TH,H90TH,H91TH,H92TH,H93TH,H94TH,H95TH,H96TH,H97TH,H98TH,H99TH,Imean,Isd,Imax,Iskew,Ikurt,I01TH,I02TH,I03TH,I04TH,I05TH,I06TH,I07TH,I08TH,I09TH,I10TH,I11TH,I12TH,I13TH,I14TH,I15TH,I16TH,I17TH,I18TH,I19TH,I20TH,I21TH,I22TH,I23TH,I24TH,I25TH,I26TH,I27TH,I28TH,I29TH,I30TH,I31TH,I32TH,I33TH,I34TH,I35TH,I36TH,I37TH,I38TH,I39TH,I40TH,I41TH,I42TH,I43TH,I44TH,I45TH,I46TH,I47TH,I48TH,I49TH,I50TH,I51TH,I52TH,I53TH,I54TH,I55TH,I56TH,I57TH,I58TH,I59TH,I60TH,I61TH,I62TH,I63TH,I64TH,I65TH,I66TH,I67TH,I68TH,I69TH,I70TH,I71TH,I72TH,I73TH,I74TH,I75TH,I76TH,I77TH,I78TH,I79TH,I80TH,I81TH,I82TH,I83TH,I84TH,I85TH,I86TH,I87TH,I88TH,I89TH,I90TH,I91TH,I92TH,I93TH,I94TH,I95TH,I96TH,I97TH,I98TH,I99TH,X,Y,Z,Biomass_ob
1,2.274406026,1.980830084,2.775,5.524,0.014379579,-1.657689988,0.843129905,0,0,0.006,0.01,0.014,0.018,0.022,0.025,0.028,0.031,0.034,0.037,0.04,0.043,0.045,0.048,0.051,0.054,0.057,0.06,0.063,0.066,0.069,0.072,0.076,0.08,0.083,0.088,0.092,0.098,0.104,0.11,0.117,0.125,0.136,0.14988,0.167,0.191,0.22912,0.308,0.79728,1.354,1.685,2.004,2.3016,2.45,2.53876,2.62,2.704,2.775,2.835,2.89116,2.954,3.01,3.0614,3.12,3.183,3.235,3.299,3.35,3.391,3.434,3.481,3.519,3.568,3.609,3.667,3.723,3.806,3.896,3.963,4.019,4.07,4.107,4.142,4.182,4.222,4.269,4.31832,4.368,4.414,4.45556,4.492,4.527,4.56,4.593,4.634,4.67,4.707,4.747,4.801,4.885,4.96644,5.049,5.117,5.184,5.25,5.32684,5.40392,0,0,0,NA,NA,0,0,0,0,0,0,0,0,0,0,0,0,0,0,0,0,0,0,0,0,0,0,0,0,0,0,0,0,0,0,0,0,0,0,0,0,0,0,0,0,0,0,0,0,0,0,0,0,0,0,0,0,0,0,0,0,0,0,0,0,0,0,0,0,0,0,0,0,0,0,0,0,0,0,0,0,0,0,0,0,0,0,0,0,0,0,0,0,0,0,0,0,0,0,0,0,0,0,0,586692.125,9603255,5.524,208.58
2,1.993877306,1.505537086,2.254,5.058,-0.05902703,-1.319398576,0.84422098,0,0.004,0.011,0.016,0.02,0.024,0.029,0.033,0.036,0.039,0.043,0.046,0.05,0.05372,0.057,0.06,0.064,0.068,0.072,0.077,0.082,0.087,0.092,0.09752,0.106,0.11448,0.125,0.139,0.157,0.196,0.381,0.946,1.171,1.326,1.433,1.512,1.618,1.685,1.736,1.784,1.819,1.857,1.894,1.936,1.9826,2.052,2.118,2.181,2.221,2.254,2.29148,2.324,2.359,2.39392,2.4214,2.451,2.483,2.51184,2.54,2.577,2.612,2.674,2.752,2.819,2.856,2.89,2.923,2.958,2.99212,3.028,3.064,3.099,3.134,3.174,3.212,3.262,3.3,3.342,3.40692,3.507,3.558,3.592,3.62484,3.655,3.687,3.715,3.74,3.771,3.802,3.838,3.884,3.95216,4.11692,4.22,4.283,4.34308,4.41056,4.60004,4.81552,0,0,0,NA,NA,0,0,0,0,0,0,0,0,0,0,0,0,0,0,0,0,0,0,0,0,0,0,0,0,0,0,0,0,0,0,0,0,0,0,0,0,0,0,0,0,0,0,0,0,0,0,0,0,0,0,0,0,0,0,0,0,0,0,0,0,0,0,0,0,0,0,0,0,0,0,0,0,0,0,0,0,0,0,0,0,0,0,0,0,0,0,0,0,0,0,0,0,0,0,0,0,0,0,0,586690.125,9603248,5.058,135.25
3,1.810160821,1.663597395,1.653,4.854,0.173309106,-1.649534909,0.88511641,0,0,0.004,0.008,0.012,0.015,0.018,0.021,0.024,0.027,0.03,0.032,0.035,0.038,0.04,0.043,0.045,0.048,0.051,0.053,0.056,0.059,0.062,0.065,0.069,0.072,0.076,0.08,0.084,0.089,0.095,0.102,0.11,0.12,0.132,0.144,0.16,0.18,0.209,0.25,0.3341,0.5524,0.7903,1.0358,1.146,1.231,1.3464,1.468,1.578,1.653,1.758,1.9382,2.0463,2.154,2.254,2.381,2.495,2.558,2.6089,2.647,2.682,2.7282,2.7733,2.821,2.889,2.957,3.0287,3.108,3.1789,3.244,3.3101,3.372,3.43,3.484,3.529,3.5756,3.63,3.693,3.7429,3.782,3.81,3.836,3.854,3.876,3.9035,3.926,3.949,3.968,3.991,4.013,4.034,4.06,4.0883,4.133,4.185,4.232,4.287,4.388,4.4709,0,0,0,NA,NA,0,0,0,0,0,0,0,0,0,0,0,0,0,0,0,0,0,0,0,0,0,0,0,0,0,0,0,0,0,0,0,0,0,0,0,0,0,0,0,0,0,0,0,0,0,0,0,0,0,0,0,0,0,0,0,0,0,0,0,0,0,0,0,0,0,0,0,0,0,0,0,0,0,0,0,0,0,0,0,0,0,0,0,0,0,0,0,0,0,0,0,0,0,0,0,0,0,0,0,586685.938,9603263,4.854,118.57
4,2.30796708,1.72593625,2.779,4.628,-0.304608307,-1.604980554,0.897476823,0,0.003,0.011,0.016,0.02,0.025,0.029,0.033,0.036,0.04,0.044,0.047,0.052,0.056,0.059,0.062,0.067,0.071,0.075,0.078,0.083,0.088,0.093,0.098,0.1025,0.109,0.116,0.126,0.137,0.153,0.17,0.195,0.27004,0.72576,1.428,1.8422,1.95978,2.035,2.15132,2.28,2.348,2.393,2.42342,2.46236,2.508,2.55624,2.593,2.632,2.69006,2.779,2.848,2.892,2.95682,3.03576,3.1184,3.198,3.27658,3.35352,3.438,3.475,3.50834,3.54528,3.57922,3.609,3.6441,3.676,3.71,3.733,3.754,3.775,3.798,3.824,3.848,3.875,3.909,3.943,3.981,4.011,4.042,4.065,4.08714,4.114,4.137,4.156,4.175,4.19,4.206,4.222,4.234,4.247,4.25954,4.274,4.29,4.304,4.321,4.342,4.362,4.393,4.435,0,0,0,NA,NA,0,0,0,0,0,0,0,0,0,0,0,0,0,0,0,0,0,0,0,0,0,0,0,0,0,0,0,0,0,0,0,0,0,0,0,0,0,0,0,0,0,0,0,0,0,0,0,0,0,0,0,0,0,0,0,0,0,0,0,0,0,0,0,0,0,0,0,0,0,0,0,0,0,0,0,0,0,0,0,0,0,0,0,0,0,0,0,0,0,0,0,0,0,0,0,0,0,0,0,586694.5,9603242,4.628,107.61
5,1.055031921,1.391551262,0.15,4.593,0.975363596,-0.833304171,0.568627058,0,0,0.003,0.008,0.012,0.016,0.019,0.022,0.024,0.0275,0.03,0.034,0.036,0.038,0.04,0.042,0.044,0.046,0.049,0.051,0.054,0.056,0.058,0.061,0.063,0.066,0.068,0.071,0.073,0.075,0.078,0.08,0.083,0.086,0.089,0.091,0.094,0.096,0.1,0.103,0.106,0.11,0.114,0.117,0.122,0.127,0.132,0.138,0.143,0.15,0.158,0.167,0.181,0.202,0.225,0.26,0.289,0.3223,0.35815,0.41,0.47985,0.53,0.574,0.6148,0.66025,0.724,0.839,0.9624,1.05165,1.155,1.4787,1.716,1.95805,2.2601,2.53375,2.7546,2.848,2.917,2.961,3.02,3.078,3.1307,3.1711,3.2614,3.314,3.3501,3.38395,3.416,3.43865,3.458,3.476,3.4932,3.51105,3.541,3.588,3.6632,3.717,3.754,3.80445,0,0,0,NA,NA,0,0,0,0,0,0,0,0,0,0,0,0,0,0,0,0,0,0,0,0,0,0,0,0,0,0,0,0,0,0,0,0,0,0,0,0,0,0,0,0,0,0,0,0,0,0,0,0,0,0,0,0,0,0,0,0,0,0,0,0,0,0,0,0,0,0,0,0,0,0,0,0,0,0,0,0,0,0,0,0,0,0,0,0,0,0,0,0,0,0,0,0,0,0,0,0,0,0,0,586696.375,9603246,4.593,17.59
6,1.377634713,1.658555215,0.118,4.485,0.543385849,-1.585715593,0.619029432,0,0,0.004,0.008,0.011,0.013,0.016,0.018,0.02,0.022,0.024,0.026,0.028,0.03,0.032,0.034,0.036,0.037,0.039,0.041,0.043,0.045,0.047,0.049,0.05,0.052,0.054,0.055,0.057,0.059,0.061,0.063,0.065,0.068,0.07,0.072,0.07472,0.077,0.079,0.082,0.085,0.087,0.091,0.094,0.0972,0.10176,0.105,0.109,0.113,0.118,0.123,0.128,0.134,0.14124,0.149,0.158,0.173,0.19,0.20804,0.2536,0.70492,2.22948,2.64528,2.79068,2.868,2.93,2.99704,3.03608,3.089,3.1412,3.19176,3.23396,3.281,3.309,3.334,3.353,3.37,3.386,3.4,3.42,3.434,3.448,3.465,3.481,3.496,3.517,3.537,3.558,3.587,3.6174,3.651,3.722,3.8054,3.92464,4.0164,4.096,4.18864,4.24876,4.32244,0,0,0,NA,NA,0,0,0,0,0,0,0,0,0,0,0,0,0,0,0,0,0,0,0,0,0,0,0,0,0,0,0,0,0,0,0,0,0,0,0,0,0,0,0,0,0,0,0,0,0,0,0,0,0,0,0,0,0,0,0,0,0,0,0,0,0,0,0,0,0,0,0,0,0,0,0,0,0,0,0,0,0,0,0,0,0,0,0,0,0,0,0,0,0,0,0,0,0,0,0,0,0,0,0,586693.875,9603244,4.485,153.73
7,3.072988014,0.81403496,3.162,4.434,-2.154095825,5.940677375,0.653489459,0.017,0.033,0.053,0.098,1.6701,1.83842,2.17393,2.28956,2.386,2.4624,2.531,2.574,2.618,2.65298,2.68155,2.70612,2.72969,2.752,2.77,2.787,2.798,2.812,2.821,2.837,2.851,2.865,2.877,2.888,2.90153,2.912,2.924,2.936,2.946,2.95838,2.972,2.986,2.999,3.01,3.022,3.0378,3.04737,3.06,3.07351,3.087,3.101,3.114,3.126,3.138,3.15,3.162,3.18,3.19464,3.211,3.227,3.243,3.255,3.269,3.28106,3.296,3.316,3.337,3.356,3.377,3.398,3.42,3.437,3.45519,3.468,3.483,3.498,3.512,3.523,3.535,3.549,3.56475,3.582,3.598,3.611,3.623,3.635,3.647,3.657,3.67231,3.686,3.701,3.714,3.729,3.748,3.762,3.786,3.80487,3.832,3.876,3.93374,4.0343,4.10272,4.15829,4.2193,4.29586,0,0,0,NA,NA,0,0,0,0,0,0,0,0,0,0,0,0,0,0,0,0,0,0,0,0,0,0,0,0,0,0,0,0,0,0,0,0,0,0,0,0,0,0,0,0,0,0,0,0,0,0,0,0,0,0,0,0,0,0,0,0,0,0,0,0,0,0,0,0,0,0,0,0,0,0,0,0,0,0,0,0,0,0,0,0,0,0,0,0,0,0,0,0,0,0,0,0,0,0,0,0,0,0,0,586687.188,9603250,4.434,25.44
8,2.302431825,1.461263898,2.927,4.426,-0.511475923,-1.313780112,0.856543683,0,0.001,0.008,0.014,0.019,0.025,0.03,0.035,0.04,0.044,0.049,0.054,0.058,0.064,0.069,0.076,0.084,0.093,0.105,0.12,0.143,0.21604,0.52762,0.748,0.8405,0.97132,1.13946,1.27648,1.36742,1.4378,1.49,1.545,1.605,1.671,1.722,1.78476,1.854,1.958,2.101,2.1874,2.28906,2.52472,2.66238,2.739,2.7897,2.835,2.865,2.888,2.907,2.927,2.951,2.972,2.993,3.012,3.032,3.048,3.06362,3.087,3.115,3.156,3.21826,3.27392,3.323,3.36,3.3859,3.405,3.421,3.44488,3.465,3.486,3.5,3.52,3.534,3.55,3.565,3.576,3.59,3.60648,3.619,3.634,3.651,3.668,3.688,3.701,3.722,3.74,3.756,3.773,3.792,3.82,3.85006,3.871,3.895,3.93,3.9577,3.99136,4.039,4.108,4.216,0,0,0,NA,NA,0,0,0,0,0,0,0,0,0,0,0,0,0,0,0,0,0,0,0,0,0,0,0,0,0,0,0,0,0,0,0,0,0,0,0,0,0,0,0,0,0,0,0,0,0,0,0,0,0,0,0,0,0,0,0,0,0,0,0,0,0,0,0,0,0,0,0,0,0,0,0,0,0,0,0,0,0,0,0,0,0,0,0,0,0,0,0,0,0,0,0,0,0,0,0,0,0,0,0,586682.438,9603260,4.426,27.81
9,1.689486271,1.474968617,1.981,4.398,0.075031427,-1.602601505,0.842887906,0,0,0.006,0.01,0.014,0.019,0.023,0.027,0.03,0.033,0.036,0.039,0.042,0.045,0.048,0.051,0.054,0.057,0.06,0.062,0.065,0.068,0.072,0.075,0.079,0.08258,0.087,0.091,0.09557,0.1,0.105,0.111,0.118,0.127,0.137,0.148,0.166,0.183,0.211,0.276,0.55706,0.903,1.193,1.39852,1.5,1.60718,1.735,1.833,1.917,1.981,2.02683,2.082,2.126,2.178,2.22,2.264,2.311,2.35428,2.402,2.459,2.53813,2.60592,2.667,2.71,2.744,2.77,2.796,2.819,2.839,2.86,2.882,2.902,2.921,2.944,2.968,2.991,3.017,3.04674,3.08507,3.1444,3.21673,3.318,3.38339,3.435,3.466,3.50038,3.53671,3.565,3.593,3.618,3.644,3.67,3.69669,3.733,3.793,3.93968,4.04801,4.127,4.19,0,0,0,NA,NA,0,0,0,0,0,0,0,0,0,0,0,0,0,0,0,0,0,0,0,0,0,0,0,0,0,0,0,0,0,0,0,0,0,0,0,0,0,0,0,0,0,0,0,0,0,0,0,0,0,0,0,0,0,0,0,0,0,0,0,0,0,0,0,0,0,0,0,0,0,0,0,0,0,0,0,0,0,0,0,0,0,0,0,0,0,0,0,0,0,0,0,0,0,0,0,0,0,0,0,586672.438,9603258,4.398,52.79
10,1.932037043,1.639912135,2.568,4.348,-0.077357179,-1.726565548,0.835071563,0,0,0.005,0.01,0.014,0.018,0.022,0.025,0.029,0.033,0.037,0.04,0.044,0.047,0.051,0.054,0.058,0.062,0.065,0.069,0.072,0.076,0.079,0.083,0.086,0.09,0.094,0.097,0.101,0.106,0.11,0.115,0.121,0.127,0.135,0.144,0.155,0.169,0.19403,0.244,0.51985,1.52006,1.72911,1.95676,2.14595,2.262,2.341,2.421,2.51,2.568,2.606,2.638,2.66181,2.683,2.70435,2.72912,2.75,2.769,2.789,2.805,2.827,2.85874,2.898,2.945,2.988,3.035,3.1,3.194,3.284,3.333,3.38267,3.424,3.457,3.49198,3.537,3.578,3.609,3.638,3.659,3.681,3.705,3.733,3.752,3.777,3.803,3.827,3.85,3.88776,3.912,3.942,3.97107,4.004,4.036,4.073,4.10415,4.13,4.156,4.178,4.22,0,0,0,NA,NA,0,0,0,0,0,0,0,0,0,0,0,0,0,0,0,0,0,0,0,0,0,0,0,0,0,0,0,0,0,0,0,0,0,0,0,0,0,0,0,0,0,0,0,0,0,0,0,0,0,0,0,0,0,0,0,0,0,0,0,0,0,0,0,0,0,0,0,0,0,0,0,0,0,0,0,0,0,0,0,0,0,0,0,0,0,0,0,0,0,0,0,0,0,0,0,0,0,0,0,586675.438,9603261,4.348,58.6
11,2.812854324,1.04623172,3.03,4.312,-1.729680065,2.301165111,0.70767627,0.003,0.016,0.028,0.039,0.051,0.06428,0.077,0.094,0.12692,0.196,1.931,2.067,2.14932,2.259,2.35,2.425,2.503,2.547,2.579,2.613,2.649,2.68536,2.721,2.754,2.777,2.79688,2.812,2.825,2.84,2.854,2.867,2.879,2.892,2.902,2.912,2.919,2.93,2.938,2.947,2.956,2.965,2.972,2.979,2.987,2.992,3,3.00736,3.015,3.021,3.03,3.039,3.046,3.055,3.065,3.076,3.087,3.096,3.106,3.114,3.1258,3.136,3.149,3.161,3.17,3.18,3.19,3.203,3.213,3.22472,3.241,3.264,3.29,3.31824,3.343,3.373,3.402,3.432,3.453,3.471,3.4854,3.503,3.521,3.54304,3.565,3.589,3.61,3.635,3.669,3.713,3.761,3.806,3.87192,3.91484,3.954,4.0056,4.04948,4.08636,4.12624,4.166,0,0,0,NA,NA,0,0,0,0,0,0,0,0,0,0,0,0,0,0,0,0,0,0,0,0,0,0,0,0,0,0,0,0,0,0,0,0,0,0,0,0,0,0,0,0,0,0,0,0,0,0,0,0,0,0,0,0,0,0,0,0,0,0,0,0,0,0,0,0,0,0,0,0,0,0,0,0,0,0,0,0,0,0,0,0,0,0,0,0,0,0,0,0,0,0,0,0,0,0,0,0,0,0,0,586680.813,9603260,4.312,29.96
12,2.324610945,0.905148319,2.428,4.253,-0.877537626,0.84592653,0.768659925,0.004,0.01988,0.034,0.047,0.064,0.09028,0.158,0.53516,1.1728,1.3178,1.41984,1.48,1.53372,1.58716,1.6412,1.68604,1.713,1.736,1.76,1.7858,1.814,1.839,1.862,1.879,1.901,1.922,1.94788,1.971,1.99976,2.028,2.055,2.078,2.098,2.118,2.1354,2.152,2.16628,2.184,2.20216,2.2186,2.23604,2.25,2.267,2.283,2.3008,2.317,2.34368,2.37,2.401,2.428,2.45444,2.484,2.509,2.52976,2.545,2.558,2.575,2.591,2.609,2.623,2.64284,2.662,2.68,2.703,2.7266,2.745,2.766,2.781,2.799,2.817,2.836,2.855,2.877,2.896,2.922,2.94644,2.968,3,3.022,3.0442,3.063,3.086,3.109,3.126,3.1464,3.171,3.195,3.22272,3.247,3.286,3.333,3.407,3.539,3.63672,3.6968,3.743,3.786,3.858,3.93956,0,0,0,NA,NA,0,0,0,0,0,0,0,0,0,0,0,0,0,0,0,0,0,0,0,0,0,0,0,0,0,0,0,0,0,0,0,0,0,0,0,0,0,0,0,0,0,0,0,0,0,0,0,0,0,0,0,0,0,0,0,0,0,0,0,0,0,0,0,0,0,0,0,0,0,0,0,0,0,0,0,0,0,0,0,0,0,0,0,0,0,0,0,0,0,0,0,0,0,0,0,0,0,0,0,586679.938,9603258,4.253,38.95
13,2.614689723,1.125277776,2.919,4.242,-1.397581537,0.86027906,0.701778031,0,0.012,0.021,0.029,0.0385,0.048,0.057,0.067,0.079,0.099,0.123,0.1596,0.237,0.562,1.634,2.1328,2.248,2.3,2.333,2.365,2.393,2.414,2.4379,2.4662,2.4965,2.527,2.55,2.565,2.578,2.59,2.601,2.611,2.621,2.632,2.645,2.6628,2.679,2.695,2.71,2.731,2.748,2.765,2.7789,2.796,2.813,2.834,2.8561,2.881,2.9,2.919,2.939,2.96,2.974,2.991,3.01,3.027,3.045,3.062,3.078,3.094,3.106,3.118,3.131,3.144,3.157,3.1698,3.184,3.197,3.21,3.23,3.251,3.273,3.291,3.31,3.328,3.347,3.367,3.389,3.406,3.424,3.439,3.452,3.4669,3.489,3.5085,3.53,3.5541,3.583,3.613,3.644,3.669,3.694,3.715,3.7462,3.794,3.8784,3.923,3.9644,4.0587,0,0,0,NA,NA,0,0,0,0,0,0,0,0,0,0,0,0,0,0,0,0,0,0,0,0,0,0,0,0,0,0,0,0,0,0,0,0,0,0,0,0,0,0,0,0,0,0,0,0,0,0,0,0,0,0,0,0,0,0,0,0,0,0,0,0,0,0,0,0,0,0,0,0,0,0,0,0,0,0,0,0,0,0,0,0,0,0,0,0,0,0,0,0,0,0,0,0,0,0,0,0,0,0,0,586685.938,9603258,4.242,19.57
14,2.837980918,0.880780679,2.97,4.194,-2.132821164,4.722008961,0.614357066,0.00426,0.017,0.027,0.039,0.058,0.08678,0.13241,2.362,2.42034,2.4473,2.46293,2.483,2.501,2.51982,2.54335,2.569,2.583,2.60168,2.622,2.634,2.65123,2.663,2.675,2.684,2.69175,2.7,2.708,2.71664,2.72527,2.735,2.74,2.747,2.758,2.77,2.783,2.79768,2.813,2.82994,2.84557,2.861,2.878,2.889,2.9,2.911,2.918,2.93,2.939,2.951,2.959,2.97,2.982,2.99176,3.00439,3.019,3.034,3.044,3.05691,3.066,3.07717,3.091,3.107,3.118,3.129,3.144,3.15795,3.17,3.182,3.19484,3.21,3.2251,3.245,3.26036,3.27299,3.281,3.291,3.3,3.31,3.32,3.334,3.3444,3.355,3.366,3.379,3.393,3.407,3.426,3.43981,3.462,3.48907,3.6027,3.65933,3.74096,3.83136,3.87944,3.915,3.93748,3.966,4.00196,4.07611,0,0,0,NA,NA,0,0,0,0,0,0,0,0,0,0,0,0,0,0,0,0,0,0,0,0,0,0,0,0,0,0,0,0,0,0,0,0,0,0,0,0,0,0,0,0,0,0,0,0,0,0,0,0,0,0,0,0,0,0,0,0,0,0,0,0,0,0,0,0,0,0,0,0,0,0,0,0,0,0,0,0,0,0,0,0,0,0,0,0,0,0,0,0,0,0,0,0,0,0,0,0,0,0,0,586685.438,9603254,4.194,5.74
15,2.861827866,0.475494848,2.951,4.182,-0.92738781,4.813373193,0.538358281,1.61736,1.80036,1.91204,2.05724,2.1191,2.16108,2.195,2.22872,2.25712,2.28,2.298,2.31708,2.3421,2.369,2.398,2.41744,2.434,2.456,2.48246,2.508,2.53214,2.554,2.57182,2.59116,2.6125,2.62684,2.639,2.652,2.667,2.68,2.69054,2.704,2.71722,2.73,2.7479,2.763,2.77916,2.798,2.814,2.838,2.85894,2.871,2.88262,2.893,2.9063,2.915,2.92598,2.931,2.941,2.951,2.959,2.967,2.974,2.979,2.984,2.989,2.99438,3,3.006,3.013,3.018,3.024,3.028,3.03276,3.04,3.045,3.05,3.055,3.06,3.064,3.071,3.075,3.08,3.08516,3.0935,3.105,3.11718,3.134,3.152,3.1652,3.182,3.196,3.209,3.224,3.2379,3.253,3.266,3.28192,3.297,3.308,3.323,3.349,3.38986,3.58892,3.6483,3.73528,3.83992,3.88232,3.9513,0,0,0,NA,NA,0,0,0,0,0,0,0,0,0,0,0,0,0,0,0,0,0,0,0,0,0,0,0,0,0,0,0,0,0,0,0,0,0,0,0,0,0,0,0,0,0,0,0,0,0,0,0,0,0,0,0,0,0,0,0,0,0,0,0,0,0,0,0,0,0,0,0,0,0,0,0,0,0,0,0,0,0,0,0,0,0,0,0,0,0,0,0,0,0,0,0,0,0,0,0,0,0,0,0,586688.5,9603253,4.182,4.6
16,1.752438142,1.531339584,2.359,4.175,-0.001115696,-1.750085469,0.745533861,0,0.003,0.008,0.013,0.017,0.02,0.023,0.026,0.029,0.032,0.035,0.038,0.042,0.045,0.047,0.05,0.053,0.056,0.059,0.062,0.065,0.068,0.072,0.076,0.08,0.083,0.089,0.09312,0.09866,0.104,0.11,0.11828,0.127,0.137,0.149,0.168,0.195,0.21852,0.25412,0.304,0.37428,0.501,0.63,0.78852,1.1713,1.439,1.70038,2.14492,2.28346,2.359,2.428,2.515,2.546,2.58016,2.6237,2.667,2.705,2.733,2.75586,2.779,2.807,2.837,2.865,2.887,2.911,2.936,2.962,2.982,3.00526,3.024,3.04134,3.061,3.07442,3.088,3.104,3.12104,3.142,3.16212,3.192,3.219,3.243,3.27,3.293,3.33636,3.3888,3.47844,3.57898,3.655,3.702,3.734,3.77014,3.812,3.85122,3.883,3.9073,3.924,3.94,3.964,4.005,0,0,0,NA,NA,0,0,0,0,0,0,0,0,0,0,0,0,0,0,0,0,0,0,0,0,0,0,0,0,0,0,0,0,0,0,0,0,0,0,0,0,0,0,0,0,0,0,0,0,0,0,0,0,0,0,0,0,0,0,0,0,0,0,0,0,0,0,0,0,0,0,0,0,0,0,0,0,0,0,0,0,0,0,0,0,0,0,0,0,0,0,0,0,0,0,0,0,0,0,0,0,0,0,0,586687.438,9603257,4.175,34.68
17,2.543756138,1.270178639,3.026,4.1,-1.118954838,-0.2033096,0.719991329,0,0.01,0.02065,0.029,0.036,0.044,0.052,0.06,0.067,0.076,0.086,0.096,0.105,0.1177,0.131,0.151,0.178,0.3144,1.54335,1.659,1.7852,1.9122,2.02565,2.1122,2.16875,2.2969,2.387,2.436,2.461,2.488,2.516,2.546,2.575,2.598,2.629,2.659,2.70935,2.745,2.781,2.821,2.852,2.877,2.89865,2.92,2.938,2.957,2.976,2.993,3.012,3.026,3.04,3.054,3.073,3.093,3.114,3.139,3.168,3.191,3.217,3.242,3.26,3.274,3.288,3.301,3.312,3.323,3.335,3.346,3.358,3.369,3.379,3.391,3.40515,3.419,3.43425,3.45,3.46535,3.48,3.491,3.504,3.51855,3.534,3.559,3.587,3.614,3.635,3.651,3.67,3.688,3.706,3.71805,3.736,3.753,3.7727,3.792,3.8188,3.847,3.888,3.938,0,0,0,NA,NA,0,0,0,0,0,0,0,0,0,0,0,0,0,0,0,0,0,0,0,0,0,0,0,0,0,0,0,0,0,0,0,0,0,0,0,0,0,0,0,0,0,0,0,0,0,0,0,0,0,0,0,0,0,0,0,0,0,0,0,0,0,0,0,0,0,0,0,0,0,0,0,0,0,0,0,0,0,0,0,0,0,0,0,0,0,0,0,0,0,0,0,0,0,0,0,0,0,0,0,586686.063,9603252,4.1,67.48
18,3.264666403,0.442647163,3.275,4.032,-2.509270988,16.43622079,0.371335606,2.46109,2.588,2.632,2.659,2.67435,2.699,2.71803,2.748,2.77,2.7917,2.812,2.82648,2.83877,2.855,2.87435,2.887,2.903,2.91522,2.93,2.942,2.949,2.96238,2.97367,2.98696,2.99525,3.00654,3.01383,3.023,3.034,3.044,3.054,3.065,3.07514,3.09,3.1,3.111,3.128,3.139,3.15231,3.164,3.175,3.18918,3.201,3.211,3.22405,3.237,3.242,3.254,3.265,3.275,3.285,3.297,3.31,3.31966,3.333,3.34824,3.362,3.371,3.38111,3.394,3.41,3.42298,3.44027,3.46156,3.48,3.49928,3.52543,3.538,3.55101,3.5623,3.572,3.586,3.595,3.60446,3.621,3.63304,3.642,3.64962,3.658,3.666,3.67449,3.68278,3.691,3.701,3.707,3.716,3.72323,3.734,3.741,3.755,3.76539,3.776,3.788,3.801,3.815,3.824,3.83613,3.848,3.868,0,0,0,NA,NA,0,0,0,0,0,0,0,0,0,0,0,0,0,0,0,0,0,0,0,0,0,0,0,0,0,0,0,0,0,0,0,0,0,0,0,0,0,0,0,0,0,0,0,0,0,0,0,0,0,0,0,0,0,0,0,0,0,0,0,0,0,0,0,0,0,0,0,0,0,0,0,0,0,0,0,0,0,0,0,0,0,0,0,0,0,0,0,0,0,0,0,0,0,0,0,0,0,0,0,586682.5,9603258,4.032,11.36
19,2.44934211,0.744783784,2.462,4.014,-1.37796465,3.50645553,0.542655182,0.014,0.034,0.057,0.08,0.1444,1.33388,1.69272,1.773,1.84932,1.918,1.985,2.022,2.049,2.071,2.091,2.112,2.128,2.143,2.16,2.176,2.19,2.204,2.216,2.22752,2.24,2.25,2.26,2.269,2.278,2.286,2.294,2.302,2.31,2.318,2.326,2.334,2.343,2.352,2.361,2.37,2.378,2.386,2.396,2.404,2.413,2.423,2.432,2.443,2.453,2.462,2.471,2.48,2.488,2.496,2.504,2.513,2.522,2.53,2.54,2.549,2.559,2.57,2.58,2.589,2.602,2.614,2.627,2.641,2.657,2.674,2.694,2.714,2.737,2.766,2.79,2.813,2.836,2.863,2.88792,2.914,2.944,2.974,3.019,3.08532,3.159,3.219,3.258,3.29224,3.327,3.369,3.41168,3.447,3.483,3.513,3.551,3.595,3.66,3.746,3.826,0,0,0,NA,NA,0,0,0,0,0,0,0,0,0,0,0,0,0,0,0,0,0,0,0,0,0,0,0,0,0,0,0,0,0,0,0,0,0,0,0,0,0,0,0,0,0,0,0,0,0,0,0,0,0,0,0,0,0,0,0,0,0,0,0,0,0,0,0,0,0,0,0,0,0,0,0,0,0,0,0,0,0,0,0,0,0,0,0,0,0,0,0,0,0,0,0,0,0,0,0,0,0,0,0,586674.875,9603256,4.014,194.53
20,1.923102247,1.312906093,2.49,3.977,-0.46594584,-1.403401462,0.91268535,0,0,0.004,0.01,0.01645,0.021,0.026,0.032,0.037,0.0429,0.048,0.053,0.058,0.06366,0.069,0.074,0.079,0.083,0.089,0.094,0.101,0.107,0.116,0.125,0.138,0.155,0.17463,0.204,0.255,0.3604,0.68817,1.3844,1.576,1.66492,1.741,1.79568,1.847,1.923,1.99491,2.0534,2.12129,2.183,2.233,2.282,2.328,2.366,2.40143,2.44412,2.466,2.49,2.513,2.538,2.564,2.582,2.604,2.626,2.65,2.673,2.693,2.712,2.73609,2.762,2.783,2.80216,2.8237,2.841,2.858,2.87492,2.887,2.905,2.919,2.933,2.945,2.96,2.971,2.98244,2.996,3.009,3.024,3.0402,3.05889,3.075,3.095,3.11596,3.13865,3.167,3.192,3.219,3.248,3.272,3.29479,3.32548,3.36117,3.416,3.56255,3.662,3.72393,3.76562,3.81231,0,0,0,NA,NA,0,0,0,0,0,0,0,0,0,0,0,0,0,0,0,0,0,0,0,0,0,0,0,0,0,0,0,0,0,0,0,0,0,0,0,0,0,0,0,0,0,0,0,0,0,0,0,0,0,0,0,0,0,0,0,0,0,0,0,0,0,0,0,0,0,0,0,0,0,0,0,0,0,0,0,0,0,0,0,0,0,0,0,0,0,0,0,0,0,0,0,0,0,0,0,0,0,0,0,586674.25,9603264,3.977,11.24
22,1.702691996,1.192310538,2.103,3.901,-0.313226161,-1.320645218,0.923939385,0,0.001,0.007,0.014,0.019,0.024,0.029,0.03436,0.039,0.0437,0.048,0.053,0.057,0.061,0.065,0.07,0.076,0.081,0.086,0.0914,0.097,0.103,0.11,0.11708,0.127,0.139,0.153,0.169,0.198,0.249,0.37054,1.11,1.465,1.54578,1.61195,1.668,1.707,1.741,1.771,1.807,1.853,1.9,1.93431,1.967,1.99465,2.017,2.04099,2.064,2.085,2.103,2.122,2.14,2.155,2.17,2.183,2.195,2.207,2.22186,2.236,2.2492,2.263,2.276,2.294,2.314,2.333,2.35422,2.374,2.39456,2.413,2.428,2.449,2.466,2.487,2.516,2.544,2.56692,2.596,2.62826,2.66,2.689,2.718,2.77294,2.85011,2.91028,2.98,3.041,3.086,3.12896,3.158,3.186,3.215,3.24,3.268,3.30698,3.36,3.418,3.47698,3.54466,3.642,0,0,0,NA,NA,0,0,0,0,0,0,0,0,0,0,0,0,0,0,0,0,0,0,0,0,0,0,0,0,0,0,0,0,0,0,0,0,0,0,0,0,0,0,0,0,0,0,0,0,0,0,0,0,0,0,0,0,0,0,0,0,0,0,0,0,0,0,0,0,0,0,0,0,0,0,0,0,0,0,0,0,0,0,0,0,0,0,0,0,0,0,0,0,0,0,0,0,0,0,0,0,0,0,0,586667.938,9603262,3.901,194.53
23,2.043941823,1.079165433,2.128,3.841,-0.592461006,-0.621273367,0.977642304,0,0.007,0.014,0.022,0.03,0.038,0.045,0.054,0.06351,0.075,0.086,0.1,0.118,0.139,0.18785,0.37924,0.86152,1.06402,1.161,1.2578,1.341,1.405,1.458,1.50436,1.564,1.618,1.664,1.695,1.722,1.7457,1.771,1.795,1.824,1.849,1.872,1.886,1.905,1.926,1.945,1.9666,1.98599,2.004,2.02,2.04,2.055,2.071,2.08733,2.104,2.116,2.128,2.139,2.151,2.16567,2.184,2.20945,2.237,2.277,2.315,2.363,2.395,2.435,2.46918,2.50757,2.541,2.575,2.611,2.65713,2.704,2.754,2.7973,2.839,2.88108,2.90947,2.933,2.95525,2.98,3.006,3.032,3.06,3.0842,3.11259,3.14398,3.177,3.208,3.236,3.25954,3.285,3.309,3.33071,3.346,3.364,3.38688,3.412,3.435,3.456,3.48,3.505,3.542,3.605,0,0,0,NA,NA,0,0,0,0,0,0,0,0,0,0,0,0,0,0,0,0,0,0,0,0,0,0,0,0,0,0,0,0,0,0,0,0,0,0,0,0,0,0,0,0,0,0,0,0,0,0,0,0,0,0,0,0,0,0,0,0,0,0,0,0,0,0,0,0,0,0,0,0,0,0,0,0,0,0,0,0,0,0,0,0,0,0,0,0,0,0,0,0,0,0,0,0,0,0,0,0,0,0,0,586678.5,9603247,3.841,30.3
24,2.232811089,1.243005804,2.749,3.824,-1.001819335,-0.69673809,0.81076318,0,0.007,0.015,0.023,0.029,0.035,0.039,0.045,0.04934,0.054,0.06,0.067,0.07438,0.082,0.0889,0.098,0.10842,0.121,0.13894,0.1652,0.19192,0.228,0.27598,1.41144,2.012,2.15276,2.245,2.30684,2.348,2.3726,2.38806,2.40232,2.424,2.44384,2.471,2.499,2.53062,2.558,2.585,2.604,2.618,2.637,2.655,2.66744,2.68,2.69296,2.707,2.719,2.734,2.749,2.759,2.775,2.79,2.812,2.829,2.845,2.86582,2.897,2.92234,2.941,2.95886,2.97,2.981,2.994,3.003,3.018,3.029,3.039,3.048,3.054,3.064,3.074,3.086,3.097,3.108,3.121,3.132,3.14,3.149,3.1588,3.17,3.181,3.193,3.207,3.224,3.245,3.262,3.27988,3.292,3.31,3.325,3.343,3.363,3.38844,3.421,3.45,3.491,3.52796,3.607,0,0,0,NA,NA,0,0,0,0,0,0,0,0,0,0,0,0,0,0,0,0,0,0,0,0,0,0,0,0,0,0,0,0,0,0,0,0,0,0,0,0,0,0,0,0,0,0,0,0,0,0,0,0,0,0,0,0,0,0,0,0,0,0,0,0,0,0,0,0,0,0,0,0,0,0,0,0,0,0,0,0,0,0,0,0,0,0,0,0,0,0,0,0,0,0,0,0,0,0,0,0,0,0,0,586673.188,9603266,3.824,8.8
25,2.034550433,0.984569856,2.154,3.798,-0.676828002,-0.39457328,0.945433947,0,0.013,0.024,0.035,0.045,0.05824,0.073,0.08532,0.102,0.118,0.15744,0.51348,0.63,0.722,0.8318,0.925,0.99,1.052,1.149,1.204,1.257,1.328,1.39776,1.48996,1.563,1.643,1.72208,1.76024,1.806,1.833,1.861,1.884,1.907,1.923,1.936,1.946,1.956,1.96952,1.97956,1.992,2.003,2.016,2.028,2.04276,2.056,2.072,2.08888,2.104,2.129,2.154,2.173,2.193,2.211,2.236,2.2622,2.283,2.307,2.34,2.36836,2.3974,2.42544,2.451,2.481,2.50456,2.539,2.581,2.606,2.631,2.656,2.675,2.693,2.71088,2.729,2.749,2.765,2.785,2.813,2.859,2.89216,2.921,2.951,2.978,3.00532,3.02836,3.058,3.079,3.10048,3.125,3.14956,3.171,3.195,3.22,3.24672,3.282,3.326,3.38584,3.45088,3.503,3.592,0,0,0,NA,NA,0,0,0,0,0,0,0,0,0,0,0,0,0,0,0,0,0,0,0,0,0,0,0,0,0,0,0,0,0,0,0,0,0,0,0,0,0,0,0,0,0,0,0,0,0,0,0,0,0,0,0,0,0,0,0,0,0,0,0,0,0,0,0,0,0,0,0,0,0,0,0,0,0,0,0,0,0,0,0,0,0,0,0,0,0,0,0,0,0,0,0,0,0,0,0,0,0,0,0,586679.688,9603249,3.798,5.74
26,1.342293891,1.288625458,0.829,3.674,0.172090215,-1.792207679,0.796329628,0,0,0.003,0.009,0.013,0.017,0.021,0.025,0.028,0.032,0.035,0.038,0.041,0.045,0.047,0.049,0.052,0.055,0.057,0.06,0.063,0.065,0.068,0.072,0.074,0.077,0.079,0.083,0.086,0.0892,0.093,0.097,0.101,0.106,0.11,0.115,0.12,0.12512,0.132,0.139,0.14734,0.16,0.173,0.183,0.2,0.23,0.297,0.41704,0.55938,0.829,1.21074,1.47596,1.70866,1.82796,1.8927,1.95244,1.996,2.038,2.08,2.1244,2.205,2.309,2.38462,2.441,2.4791,2.511,2.536,2.555,2.572,2.595,2.61154,2.626,2.646,2.669,2.6925,2.71424,2.73,2.746,2.762,2.775,2.793,2.81,2.83342,2.855,2.881,2.902,2.92,2.94,2.961,2.9766,2.99534,3.014,3.031,3.05656,3.0853,3.13104,3.186,3.22552,3.30626,0,0,0,NA,NA,0,0,0,0,0,0,0,0,0,0,0,0,0,0,0,0,0,0,0,0,0,0,0,0,0,0,0,0,0,0,0,0,0,0,0,0,0,0,0,0,0,0,0,0,0,0,0,0,0,0,0,0,0,0,0,0,0,0,0,0,0,0,0,0,0,0,0,0,0,0,0,0,0,0,0,0,0,0,0,0,0,0,0,0,0,0,0,0,0,0,0,0,0,0,0,0,0,0,0,586682.438,9603245,3.674,18.14
27,1.565931767,1.16343073,1.7125,3.656,-0.126874275,-1.427379847,0.956075071,0,0.003,0.008,0.012,0.016,0.021,0.024,0.028,0.032,0.036,0.04,0.043,0.046,0.049,0.053,0.057,0.06,0.064,0.068,0.073,0.078,0.083,0.09,0.097,0.106,0.118,0.131,0.148,0.171,0.2141,0.30977,0.58988,0.871,1.016,1.145,1.257,1.338,1.41546,1.458,1.487,1.513,1.534,1.555,1.575,1.594,1.614,1.637,1.66,1.685,1.7125,1.739,1.76484,1.796,1.83,1.864,1.895,1.92,1.95786,1.997,2.036,2.067,2.099,2.129,2.162,2.194,2.23522,2.305,2.358,2.403,2.447,2.49157,2.535,2.57,2.597,2.619,2.649,2.683,2.712,2.74,2.77,2.795,2.825,2.855,2.89,2.91795,2.944,2.966,2.992,3.024,3.0533,3.09,3.135,3.183,3.217,3.249,3.269,3.296,3.323,3.356,0,0,0,NA,NA,0,0,0,0,0,0,0,0,0,0,0,0,0,0,0,0,0,0,0,0,0,0,0,0,0,0,0,0,0,0,0,0,0,0,0,0,0,0,0,0,0,0,0,0,0,0,0,0,0,0,0,0,0,0,0,0,0,0,0,0,0,0,0,0,0,0,0,0,0,0,0,0,0,0,0,0,0,0,0,0,0,0,0,0,0,0,0,0,0,0,0,0,0,0,0,0,0,0,0,586677.875,9603243,3.656,60.13
28,0.763059384,1.109365596,0.087,3.642,1.136302098,-0.425159977,0.634872822,0,0,0.001,0.004,0.007,0.009,0.012,0.014,0.016,0.018,0.019,0.021,0.023,0.024,0.026,0.028,0.03,0.032,0.033,0.034,0.036,0.038,0.039,0.041,0.043,0.044,0.046,0.047,0.049,0.051,0.053,0.055,0.057,0.058,0.06,0.061,0.063,0.065,0.067,0.068,0.07,0.072,0.074,0.076,0.077,0.079,0.08,0.082,0.085,0.087,0.08912,0.092,0.094,0.097,0.101,0.104,0.108,0.113,0.117,0.122,0.128,0.134,0.142,0.15,0.165,0.18592,0.22204,0.25616,0.319,0.7964,1.06164,1.27092,1.39276,1.46464,1.692,1.831,1.89724,1.99536,2.06448,2.1166,2.19244,2.23868,2.29788,2.38324,2.5042,2.62456,2.691,2.72256,2.749,2.7738,2.797,2.82104,2.854,2.90628,2.9664,3.026,3.072,3.13728,3.339,0,0,0,NA,NA,0,0,0,0,0,0,0,0,0,0,0,0,0,0,0,0,0,0,0,0,0,0,0,0,0,0,0,0,0,0,0,0,0,0,0,0,0,0,0,0,0,0,0,0,0,0,0,0,0,0,0,0,0,0,0,0,0,0,0,0,0,0,0,0,0,0,0,0,0,0,0,0,0,0,0,0,0,0,0,0,0,0,0,0,0,0,0,0,0,0,0,0,0,0,0,0,0,0,0,586683.25,9603243,3.642,45.82
29,1.163277325,1.266722292,0.162,3.634,0.453985396,-1.569668393,0.806580309,0,0,0.003,0.007,0.01,0.013,0.015,0.018,0.02,0.023,0.025,0.027,0.029,0.031,0.033,0.035,0.037,0.039,0.041,0.043,0.045,0.047,0.049,0.051,0.053,0.055,0.058,0.06,0.062,0.064,0.067,0.069,0.072,0.074,0.077,0.08,0.083,0.087,0.09,0.094,0.098,0.102,0.107,0.113,0.118,0.12452,0.131,0.14,0.15,0.162,0.179,0.20524,0.261,0.44792,0.9012,1.10572,1.19284,1.273,1.351,1.455,1.54932,1.74544,1.948,2.03768,2.1478,2.204,2.243,2.275,2.30128,2.329,2.352,2.375,2.4,2.434,2.471,2.51612,2.565,2.62136,2.665,2.707,2.753,2.795,2.833,2.866,2.889,2.913,2.935,2.963,2.987,3.011,3.036,3.06,3.083,3.114,3.143,3.168,3.199,3.233,3.303,0,0,0,NA,NA,0,0,0,0,0,0,0,0,0,0,0,0,0,0,0,0,0,0,0,0,0,0,0,0,0,0,0,0,0,0,0,0,0,0,0,0,0,0,0,0,0,0,0,0,0,0,0,0,0,0,0,0,0,0,0,0,0,0,0,0,0,0,0,0,0,0,0,0,0,0,0,0,0,0,0,0,0,0,0,0,0,0,0,0,0,0,0,0,0,0,0,0,0,0,0,0,0,0,0,586680.313,9603240,3.634,63.43
30,0.929702919,1.287926771,0.09,3.612,0.936695384,-0.931964624,0.672863781,0,0,0.001,0.00428,0.007,0.01,0.012,0.015,0.017,0.02,0.022,0.023,0.025,0.027,0.029,0.031,0.033,0.035,0.036,0.038,0.039,0.041,0.042,0.044,0.045,0.047,0.048,0.05,0.051,0.0526,0.054,0.05524,0.057,0.059,0.06,0.062,0.064,0.065,0.066,0.068,0.07,0.072,0.074,0.075,0.078,0.079,0.082,0.085,0.087,0.09,0.093,0.096,0.099,0.102,0.105,0.109,0.113,0.117,0.12188,0.127,0.133,0.139,0.146,0.15448,0.172,0.19612,0.5982,0.92252,1.45616,1.8094,1.92176,2.04208,2.133,2.184,2.232,2.277,2.31764,2.377,2.658,2.7356,2.778,2.801,2.83,2.85388,2.9064,2.96352,3.01068,3.04216,3.09648,3.148,3.19412,3.218,3.24976,3.29,3.3094,3.333,3.369,3.428,3.50168,0,0,0,NA,NA,0,0,0,0,0,0,0,0,0,0,0,0,0,0,0,0,0,0,0,0,0,0,0,0,0,0,0,0,0,0,0,0,0,0,0,0,0,0,0,0,0,0,0,0,0,0,0,0,0,0,0,0,0,0,0,0,0,0,0,0,0,0,0,0,0,0,0,0,0,0,0,0,0,0,0,0,0,0,0,0,0,0,0,0,0,0,0,0,0,0,0,0,0,0,0,0,0,0,0,586685.375,9603234,3.612,80.46
31,2.280910375,0.95130761,2.613,3.562,-1.488096088,1.041401788,0.774195886,0,0.013,0.023,0.031,0.04,0.05,0.06,0.071,0.084,0.104,0.1247,0.158,0.326,1.3812,1.7235,1.765,1.78,1.7966,1.8193,1.846,1.8867,1.9706,2.039,2.0908,2.139,2.1784,2.21,2.239,2.258,2.275,2.29,2.305,2.315,2.327,2.3405,2.359,2.376,2.3916,2.407,2.423,2.4417,2.459,2.481,2.504,2.523,2.542,2.556,2.5786,2.5953,2.613,2.627,2.641,2.6571,2.67,2.682,2.695,2.705,2.718,2.731,2.742,2.75,2.762,2.772,2.7848,2.796,2.806,2.815,2.823,2.832,2.841,2.85,2.8594,2.87,2.884,2.8945,2.907,2.917,2.931,2.945,2.958,2.969,2.9774,2.988,2.998,3.008,3.022,3.036,3.054,3.0703,3.089,3.1097,3.133,3.151,3.1708,3.195,3.218,3.2529,3.287,3.339,0,0,0,NA,NA,0,0,0,0,0,0,0,0,0,0,0,0,0,0,0,0,0,0,0,0,0,0,0,0,0,0,0,0,0,0,0,0,0,0,0,0,0,0,0,0,0,0,0,0,0,0,0,0,0,0,0,0,0,0,0,0,0,0,0,0,0,0,0,0,0,0,0,0,0,0,0,0,0,0,0,0,0,0,0,0,0,0,0,0,0,0,0,0,0,0,0,0,0,0,0,0,0,0,0,586677.75,9603262,3.562,9.81
32,1.106065267,1.264319114,0.146,3.552,0.633397775,-1.314273072,0.82945157,0,0,0.002,0.006,0.009,0.013,0.016,0.019,0.022,0.024,0.026,0.029,0.031,0.034,0.036,0.038,0.04,0.043,0.045,0.047,0.049,0.051,0.053,0.055,0.056,0.058,0.061,0.062,0.064,0.066,0.069,0.071,0.073,0.075,0.077,0.079,0.081,0.084,0.086,0.089,0.092,0.096,0.1,0.104,0.108,0.114,0.12,0.12664,0.134,0.146,0.17068,0.201,0.26004,0.33072,0.4696,0.76808,0.93476,1.04144,1.12324,1.221,1.26548,1.311,1.37468,1.44904,1.5222,1.58888,1.666,1.716,1.761,1.8052,2.02084,2.38392,2.47164,2.524,2.552,2.586,2.62472,2.661,2.686,2.713,2.742,2.781,2.848,2.899,2.9628,3.00996,3.03816,3.08,3.09852,3.113,3.127,3.14056,3.163,3.182,3.2036,3.236,3.279,3.34164,3.39632,0,0,0,NA,NA,0,0,0,0,0,0,0,0,0,0,0,0,0,0,0,0,0,0,0,0,0,0,0,0,0,0,0,0,0,0,0,0,0,0,0,0,0,0,0,0,0,0,0,0,0,0,0,0,0,0,0,0,0,0,0,0,0,0,0,0,0,0,0,0,0,0,0,0,0,0,0,0,0,0,0,0,0,0,0,0,0,0,0,0,0,0,0,0,0,0,0,0,0,0,0,0,0,0,0,586677.313,9603264,3.552,6.36
33,1.047758499,1.281346379,0.117,3.502,0.648941298,-1.457996029,0.672201395,0,0,0.005,0.009,0.012,0.016,0.019,0.021,0.024,0.026,0.028,0.03,0.032,0.034,0.036,0.038,0.04,0.042,0.043,0.045,0.047,0.049,0.05,0.052,0.054,0.055,0.057,0.059,0.061,0.062,0.064,0.066,0.068,0.07,0.072,0.073,0.075,0.078,0.08,0.082,0.084,0.087,0.09,0.093,0.096,0.1,0.103,0.10704,0.112,0.117,0.123,0.129,0.137,0.145,0.157,0.17188,0.189,0.218,0.257,0.308,0.39753,0.513,0.8,1.24008,1.7,1.99536,2.137,2.22928,2.31374,2.375,2.452,2.525,2.573,2.607,2.64,2.669,2.69,2.71,2.729,2.745,2.76,2.777,2.794,2.812,2.829,2.849,2.869,2.891,2.915,2.9407,2.968,2.999,3.035,3.08462,3.11635,3.14608,3.176,3.207,3.26727,0,0,0,NA,NA,0,0,0,0,0,0,0,0,0,0,0,0,0,0,0,0,0,0,0,0,0,0,0,0,0,0,0,0,0,0,0,0,0,0,0,0,0,0,0,0,0,0,0,0,0,0,0,0,0,0,0,0,0,0,0,0,0,0,0,0,0,0,0,0,0,0,0,0,0,0,0,0,0,0,0,0,0,0,0,0,0,0,0,0,0,0,0,0,0,0,0,0,0,0,0,0,0,0,0,586661.5,9603249,3.502,9.58
34,1.069713364,1.119802121,0.204,3.478,0.40987066,-1.526428067,0.768895485,0,0,0.003,0.008,0.012,0.015,0.018,0.021,0.024,0.027,0.029,0.032,0.034,0.037,0.039,0.041,0.043,0.046,0.048,0.05,0.053,0.055,0.058,0.06,0.062,0.065,0.067,0.069,0.071,0.073,0.076,0.078,0.081,0.084,0.087,0.09,0.09326,0.097,0.10022,0.104,0.108,0.113,0.118,0.124,0.131,0.13908,0.14906,0.16,0.178,0.204,0.261,0.33396,0.39694,0.57368,1.185,1.372,1.43672,1.50884,1.58,1.6478,1.73778,1.817,1.873,1.92,1.9507,1.979,2.006,2.02564,2.043,2.06,2.078,2.09756,2.116,2.14,2.17,2.196,2.22146,2.245,2.26642,2.287,2.312,2.33736,2.359,2.381,2.404,2.43,2.44926,2.481,2.51,2.5542,2.60118,2.665,2.743,2.81312,2.893,2.973,3.09306,3.158,3.213,0,0,0,NA,NA,0,0,0,0,0,0,0,0,0,0,0,0,0,0,0,0,0,0,0,0,0,0,0,0,0,0,0,0,0,0,0,0,0,0,0,0,0,0,0,0,0,0,0,0,0,0,0,0,0,0,0,0,0,0,0,0,0,0,0,0,0,0,0,0,0,0,0,0,0,0,0,0,0,0,0,0,0,0,0,0,0,0,0,0,0,0,0,0,0,0,0,0,0,0,0,0,0,0,0,586689.125,9603241,3.478,37.87
35,0.897260409,1.179216736,0.089,3.435,0.892632685,-0.952547218,0.726529968,0,0,0.002,0.006,0.00875,0.011,0.014,0.015,0.017,0.019,0.021,0.022,0.024,0.025,0.027,0.028,0.03,0.031,0.033,0.034,0.036,0.038,0.039,0.041,0.042,0.043,0.045,0.046,0.048,0.049,0.05,0.052,0.053,0.055,0.056,0.058,0.059,0.061,0.063,0.065,0.067,0.068,0.07,0.073,0.075,0.077,0.08,0.082,0.085,0.089,0.093,0.097,0.101,0.106,0.112,0.118,0.126,0.138,0.153,0.174,0.19975,0.2555,0.50975,0.816,1.038,1.158,1.28275,1.377,1.449,1.4955,1.542,1.573,1.59775,1.633,1.685,1.781,2.48875,2.538,2.582,2.611,2.63775,2.6575,2.685,2.712,2.76175,2.804,2.83625,2.866,2.895,2.9165,2.935,2.957,2.981,3.001,3.019,3.043,3.07075,3.1075,3.17425,0,0,0,NA,NA,0,0,0,0,0,0,0,0,0,0,0,0,0,0,0,0,0,0,0,0,0,0,0,0,0,0,0,0,0,0,0,0,0,0,0,0,0,0,0,0,0,0,0,0,0,0,0,0,0,0,0,0,0,0,0,0,0,0,0,0,0,0,0,0,0,0,0,0,0,0,0,0,0,0,0,0,0,0,0,0,0,0,0,0,0,0,0,0,0,0,0,0,0,0,0,0,0,0,0,586679.188,9603264,3.435,10.39
36,0.986310459,1.14827596,0.143,3.425,0.615906441,-1.405811612,0.685231773,0,0,0.002,0.006,0.009,0.012,0.015,0.018,0.02,0.023,0.026,0.028,0.031,0.033,0.035,0.038,0.04,0.043,0.045,0.048,0.05,0.052,0.055,0.057,0.059,0.062,0.064,0.066,0.068,0.071,0.073,0.075,0.077,0.079,0.082,0.085,0.088,0.091,0.094,0.097,0.1,0.104,0.107,0.112,0.117,0.121,0.125,0.13,0.136,0.143,0.15117,0.161,0.171,0.18,0.19585,0.21952,0.26319,0.32486,0.50612,0.682,0.91622,1.20208,1.44763,1.52252,1.6621,1.808,1.877,1.92556,1.96023,2.014,2.072,2.13224,2.19691,2.25458,2.306,2.355,2.384,2.40926,2.438,2.46,2.479,2.49394,2.513,2.53328,2.551,2.575,2.602,2.63496,2.67263,2.7,2.728,2.74964,2.769,2.792,2.812,2.84032,2.92296,3.018,3.238,0,0,0,NA,NA,0,0,0,0,0,0,0,0,0,0,0,0,0,0,0,0,0,0,0,0,0,0,0,0,0,0,0,0,0,0,0,0,0,0,0,0,0,0,0,0,0,0,0,0,0,0,0,0,0,0,0,0,0,0,0,0,0,0,0,0,0,0,0,0,0,0,0,0,0,0,0,0,0,0,0,0,0,0,0,0,0,0,0,0,0,0,0,0,0,0,0,0,0,0,0,0,0,0,0,586687.75,9603236,3.425,14.18
37,0.512544609,0.961297021,0.076,3.423,1.870610921,1.76471222,0.443450443,0,0,0.002,0.005,0.008,0.011,0.013,0.016,0.018,0.02,0.022,0.024,0.026,0.028,0.029,0.031,0.032,0.034,0.035,0.036,0.038,0.039,0.041,0.042,0.043,0.044,0.046,0.047,0.048,0.0491,0.051,0.052,0.053,0.054,0.055,0.057,0.058,0.059,0.061,0.062,0.063,0.064,0.066,0.067,0.068,0.07,0.071,0.073,0.074,0.076,0.077,0.079,0.08,0.082,0.08335,0.085,0.087,0.089,0.091,0.093,0.095,0.097,0.1,0.103,0.105,0.108,0.111,0.11576,0.119,0.123,0.128,0.135,0.142,0.147,0.157,0.167,0.187,0.21246,0.24803,0.308,0.45468,0.69574,1.287,1.60452,1.781,1.98408,2.10154,2.44716,2.59873,2.6703,2.729,2.774,2.815,2.844,2.87315,2.898,2.97158,3.034,3.219,0,0,0,NA,NA,0,0,0,0,0,0,0,0,0,0,0,0,0,0,0,0,0,0,0,0,0,0,0,0,0,0,0,0,0,0,0,0,0,0,0,0,0,0,0,0,0,0,0,0,0,0,0,0,0,0,0,0,0,0,0,0,0,0,0,0,0,0,0,0,0,0,0,0,0,0,0,0,0,0,0,0,0,0,0,0,0,0,0,0,0,0,0,0,0,0,0,0,0,0,0,0,0,0,0,586670.5,9603255,3.423,48.52
38,1.111209307,1.123260737,0.346,3.318,0.331368706,-1.615344987,0.750324353,0,0,0.004,0.007,0.01,0.014,0.016,0.019,0.022,0.025,0.027,0.029,0.031,0.033,0.035,0.037,0.039,0.041,0.043,0.045,0.046,0.049,0.05,0.053,0.05475,0.057,0.059,0.061,0.063,0.065,0.068,0.07,0.073,0.076,0.079,0.082,0.086,0.09,0.09641,0.101,0.108,0.11898,0.129,0.141,0.154,0.175,0.201,0.226,0.26331,0.346,0.63259,0.88128,1.12907,1.27,1.366,1.42664,1.47883,1.532,1.59021,1.64,1.67959,1.72856,1.79894,1.85764,1.89535,1.93708,1.98311,2.02384,2.05,2.0693,2.087,2.11,2.131,2.152,2.174,2.20544,2.27189,2.36182,2.41901,2.4732,2.52,2.542,2.561,2.57796,2.59615,2.616,2.639,2.66372,2.67691,2.693,2.709,2.73048,2.74667,2.764,2.78805,2.821,2.876,2.94162,3.01081,0,0,0,NA,NA,0,0,0,0,0,0,0,0,0,0,0,0,0,0,0,0,0,0,0,0,0,0,0,0,0,0,0,0,0,0,0,0,0,0,0,0,0,0,0,0,0,0,0,0,0,0,0,0,0,0,0,0,0,0,0,0,0,0,0,0,0,0,0,0,0,0,0,0,0,0,0,0,0,0,0,0,0,0,0,0,0,0,0,0,0,0,0,0,0,0,0,0,0,0,0,0,0,0,0,586683.688,9603267,3.318,26.31
39,1.318113285,1.039875683,1.7515,3.264,-0.14046612,-1.613532855,0.781227899,0,0,0.006,0.011,0.015,0.02,0.02343,0.027,0.031,0.033,0.037,0.03988,0.042,0.045,0.049,0.052,0.056,0.059,0.064,0.068,0.071,0.076,0.081,0.085,0.092,0.098,0.105,0.112,0.11921,0.128,0.141,0.154,0.175,0.192,0.224,0.27864,0.34613,0.42662,0.51133,0.8098,1.23518,1.393,1.472,1.52,1.5681,1.627,1.665,1.7,1.726,1.7515,1.778,1.80448,1.827,1.846,1.864,1.879,1.896,1.91,1.92391,1.939,1.952,1.96638,1.98,1.992,2.00985,2.021,2.039,2.056,2.07281,2.0863,2.104,2.11728,2.12977,2.144,2.161,2.176,2.193,2.205,2.219,2.233,2.244,2.258,2.273,2.299,2.331,2.371,2.41563,2.5,2.57,2.6311,2.681,2.71908,2.76057,2.78912,2.814,2.837,2.859,2.888,2.928,0,0,0,NA,NA,0,0,0,0,0,0,0,0,0,0,0,0,0,0,0,0,0,0,0,0,0,0,0,0,0,0,0,0,0,0,0,0,0,0,0,0,0,0,0,0,0,0,0,0,0,0,0,0,0,0,0,0,0,0,0,0,0,0,0,0,0,0,0,0,0,0,0,0,0,0,0,0,0,0,0,0,0,0,0,0,0,0,0,0,0,0,0,0,0,0,0,0,0,0,0,0,0,0,0,586683.938,9603247,3.264,36.03
40,1.679874473,1.079169955,2.123,3.25,-0.580350829,-1.288867102,0.79504771,0,0.003,0.01,0.015,0.021,0.027,0.03162,0.036,0.04194,0.047,0.052,0.057,0.062,0.067,0.073,0.078,0.084,0.09,0.096,0.104,0.11386,0.122,0.136,0.153,0.172,0.19916,0.256,0.37896,0.90614,1.2176,1.35392,1.421,1.47978,1.54044,1.5883,1.634,1.681,1.74608,1.80148,1.856,1.88706,1.92272,1.949,1.976,2.003,2.028,2.051,2.073,2.099,2.123,2.149,2.178,2.20798,2.238,2.267,2.29,2.30662,2.324,2.338,2.352,2.36726,2.381,2.393,2.407,2.4189,2.42856,2.438,2.45,2.459,2.4672,2.477,2.489,2.498,2.509,2.519,2.53,2.545,2.559,2.572,2.588,2.604,2.62,2.639,2.658,2.678,2.696,2.714,2.733,2.752,2.773,2.79806,2.83244,2.869,2.89904,2.9297,2.969,3.016,3.05968,3.11134,0,0,0,NA,NA,0,0,0,0,0,0,0,0,0,0,0,0,0,0,0,0,0,0,0,0,0,0,0,0,0,0,0,0,0,0,0,0,0,0,0,0,0,0,0,0,0,0,0,0,0,0,0,0,0,0,0,0,0,0,0,0,0,0,0,0,0,0,0,0,0,0,0,0,0,0,0,0,0,0,0,0,0,0,0,0,0,0,0,0,0,0,0,0,0,0,0,0,0,0,0,0,0,0,0,586674,9603250,3.25,45.41
41,0.460591152,0.851740233,0.084,3.211,1.942916059,2.104627302,0.40564004,0,0,0.002,0.006,0.009,0.012,0.014,0.016,0.019,0.021,0.023,0.025,0.027,0.029,0.03,0.032,0.034,0.035,0.037,0.039,0.04,0.042,0.044,0.045,0.047,0.048,0.04966,0.051,0.052,0.054,0.055,0.057,0.058,0.06,0.061,0.063,0.064,0.066,0.067,0.069,0.07,0.072,0.073,0.074,0.076,0.077,0.079,0.081,0.083,0.084,0.086,0.088,0.089,0.092,0.094,0.096,0.098,0.1,0.102,0.104,0.106,0.109,0.111,0.114,0.117,0.12,0.123,0.126,0.13,0.134,0.139,0.144,0.15,0.156,0.164,0.175,0.18766,0.204,0.228,0.266,0.35098,0.47756,0.89714,1.322,1.455,1.708,1.94246,2.061,2.126,2.2112,2.312,2.42236,2.538,2.59852,2.657,2.70768,2.76126,2.854,2.91184,0,0,0,NA,NA,0,0,0,0,0,0,0,0,0,0,0,0,0,0,0,0,0,0,0,0,0,0,0,0,0,0,0,0,0,0,0,0,0,0,0,0,0,0,0,0,0,0,0,0,0,0,0,0,0,0,0,0,0,0,0,0,0,0,0,0,0,0,0,0,0,0,0,0,0,0,0,0,0,0,0,0,0,0,0,0,0,0,0,0,0,0,0,0,0,0,0,0,0,0,0,0,0,0,0,586666,9603256,3.211,8.06
42,0.967535587,1.115327191,0.108,3.188,0.510230994,-1.593685841,0.624084064,0,0,0.00113,0.005,0.009,0.012,0.014,0.017,0.019,0.021,0.023,0.025,0.027,0.029,0.031,0.033,0.03407,0.037,0.038,0.04,0.042,0.044,0.045,0.04704,0.04975,0.051,0.053,0.055,0.057,0.059,0.06101,0.063,0.06543,0.068,0.071,0.073,0.074,0.076,0.079,0.0814,0.084,0.085,0.087,0.089,0.091,0.095,0.099,0.102,0.105,0.108,0.113,0.12,0.126,0.134,0.141,0.15076,0.172,0.19418,0.57102,1.062,1.15734,1.66618,1.84446,1.91344,1.95615,1.991,2.036,2.056,2.077,2.094,2.10841,2.127,2.148,2.17754,2.21225,2.24296,2.259,2.283,2.30309,2.3198,2.336,2.35,2.36593,2.38,2.39535,2.419,2.44577,2.475,2.50938,2.555,2.58161,2.61132,2.64306,2.69648,2.75645,2.788,2.80987,2.831,2.87329,0,0,0,NA,NA,0,0,0,0,0,0,0,0,0,0,0,0,0,0,0,0,0,0,0,0,0,0,0,0,0,0,0,0,0,0,0,0,0,0,0,0,0,0,0,0,0,0,0,0,0,0,0,0,0,0,0,0,0,0,0,0,0,0,0,0,0,0,0,0,0,0,0,0,0,0,0,0,0,0,0,0,0,0,0,0,0,0,0,0,0,0,0,0,0,0,0,0,0,0,0,0,0,0,0,586682.125,9603252,3.188,4.87
43,0.924410731,1.045751939,0.114,3.124,0.529315305,-1.48776121,0.7020542,0,0,0.005,0.01,0.013,0.016,0.018,0.02,0.023,0.024,0.026,0.028,0.03,0.03162,0.033,0.035,0.037,0.038,0.04,0.042,0.043,0.045,0.047,0.049,0.05,0.052,0.054,0.055,0.057,0.059,0.06,0.063,0.064,0.066,0.068,0.07,0.072,0.074,0.076,0.079,0.081,0.084,0.086,0.089,0.092,0.096,0.1,0.104,0.109,0.114,0.121,0.129,0.141,0.158,0.181,0.214,0.29381,0.66856,1.021,1.2018,1.434,1.53246,1.609,1.66412,1.718,1.752,1.78,1.80144,1.824,1.849,1.87,1.894,1.922,1.951,1.981,2.019,2.06141,2.108,2.151,2.1914,2.223,2.248,2.273,2.296,2.32,2.346,2.372,2.395,2.419,2.444,2.475,2.50036,2.527,2.561,2.60535,2.648,2.712,2.78568,2.91267,0,0,0,NA,NA,0,0,0,0,0,0,0,0,0,0,0,0,0,0,0,0,0,0,0,0,0,0,0,0,0,0,0,0,0,0,0,0,0,0,0,0,0,0,0,0,0,0,0,0,0,0,0,0,0,0,0,0,0,0,0,0,0,0,0,0,0,0,0,0,0,0,0,0,0,0,0,0,0,0,0,0,0,0,0,0,0,0,0,0,0,0,0,0,0,0,0,0,0,0,0,0,0,0,0,586668.875,9603251,3.124,8.06
44,1.303755174,1.141078834,1.273,3.112,0.082287277,-1.681417717,0.761321924,0,0.001,0.006,0.01,0.014,0.018,0.022,0.024,0.027,0.03,0.032,0.035,0.037,0.04,0.042,0.045,0.047,0.049,0.052,0.054,0.056,0.058,0.061,0.064,0.067,0.07,0.073,0.076,0.079,0.083,0.087,0.091,0.096,0.102,0.108,0.118,0.13,0.14732,0.18546,0.2706,0.61574,0.82588,0.913,0.98416,1.041,1.085,1.12258,1.172,1.224,1.273,1.33928,1.439,1.555,1.618,1.667,1.70384,1.73698,1.776,1.813,1.848,1.88454,1.94868,2.013,2.08096,2.145,2.197,2.252,2.296,2.34166,2.379,2.406,2.434,2.453,2.46936,2.488,2.509,2.529,2.551,2.569,2.586,2.603,2.618,2.637,2.659,2.683,2.707,2.731,2.752,2.774,2.797,2.817,2.835,2.855,2.871,2.887,2.903,2.922,2.94172,2.966,0,0,0,NA,NA,0,0,0,0,0,0,0,0,0,0,0,0,0,0,0,0,0,0,0,0,0,0,0,0,0,0,0,0,0,0,0,0,0,0,0,0,0,0,0,0,0,0,0,0,0,0,0,0,0,0,0,0,0,0,0,0,0,0,0,0,0,0,0,0,0,0,0,0,0,0,0,0,0,0,0,0,0,0,0,0,0,0,0,0,0,0,0,0,0,0,0,0,0,0,0,0,0,0,0,586673.563,9603235,3.112,75.18
45,2.28002228,0.430209872,2.306,3.107,-0.713931702,0.305367681,0.420853853,1.1251,1.2722,1.3358,1.3834,1.435,1.4828,1.532,1.5754,1.608,1.642,1.6923,1.7356,1.777,1.8182,1.8695,1.9068,1.93,1.9524,1.967,1.982,1.9933,2.005,2.017,2.028,2.041,2.055,2.064,2.073,2.083,2.092,2.101,2.109,2.117,2.1262,2.135,2.1448,2.153,2.162,2.169,2.179,2.19,2.202,2.2169,2.228,2.24,2.2518,2.264,2.274,2.2897,2.306,2.3183,2.332,2.3489,2.369,2.39,2.407,2.425,2.441,2.46,2.477,2.488,2.499,2.513,2.522,2.53,2.538,2.548,2.556,2.568,2.579,2.59,2.6,2.612,2.623,2.6345,2.646,2.655,2.6694,2.679,2.688,2.695,2.701,2.709,2.717,2.723,2.731,2.738,2.746,2.7557,2.765,2.777,2.787,2.8,2.821,2.848,2.875,2.9061,2.935,2.98,0,0,0,NA,NA,0,0,0,0,0,0,0,0,0,0,0,0,0,0,0,0,0,0,0,0,0,0,0,0,0,0,0,0,0,0,0,0,0,0,0,0,0,0,0,0,0,0,0,0,0,0,0,0,0,0,0,0,0,0,0,0,0,0,0,0,0,0,0,0,0,0,0,0,0,0,0,0,0,0,0,0,0,0,0,0,0,0,0,0,0,0,0,0,0,0,0,0,0,0,0,0,0,0,0,586676.563,9603251,3.107,48.52
46,1.023588113,1.096805878,0.425,3.065,0.608814318,-1.354763637,0.640135214,0,0,0.003,0.007,0.012,0.017,0.021,0.025,0.029,0.031,0.03306,0.03652,0.04,0.043,0.045,0.047,0.049,0.053,0.055,0.057,0.059,0.062,0.066,0.068,0.074,0.079,0.08242,0.089,0.095,0.0998,0.108,0.113,0.12,0.126,0.1351,0.142,0.152,0.15844,0.166,0.173,0.178,0.185,0.199,0.20872,0.227,0.24348,0.25424,0.30228,0.339,0.425,0.48114,0.52968,0.57038,0.596,0.6502,0.69276,0.72444,0.774,0.80228,0.8452,0.93724,1.01464,1.09396,1.25688,1.3527,1.53208,1.65582,1.79036,1.88174,1.977,2.03298,2.10148,2.15332,2.19904,2.2195,2.26996,2.31226,2.34088,2.37502,2.4044,2.45986,2.54544,2.5979,2.63328,2.66,2.67156,2.683,2.693,2.71094,2.7294,2.743,2.75864,2.77078,2.79296,2.818,2.83732,2.88758,2.92124,2.96654,0,0,0,NA,NA,0,0,0,0,0,0,0,0,0,0,0,0,0,0,0,0,0,0,0,0,0,0,0,0,0,0,0,0,0,0,0,0,0,0,0,0,0,0,0,0,0,0,0,0,0,0,0,0,0,0,0,0,0,0,0,0,0,0,0,0,0,0,0,0,0,0,0,0,0,0,0,0,0,0,0,0,0,0,0,0,0,0,0,0,0,0,0,0,0,0,0,0,0,0,0,0,0,0,0,586692.063,9603238,3.065,14.18
47,1.018017806,1.090420919,0.159,2.98,0.382786614,-1.679308333,0.841698075,0,0,0.003,0.007,0.01,0.013,0.016,0.02,0.022,0.025,0.028,0.03,0.033,0.035,0.036,0.038,0.04,0.042,0.043,0.045,0.048,0.05094,0.052,0.054,0.056,0.058,0.06,0.062,0.064,0.066,0.068,0.071,0.073,0.076,0.079,0.081,0.084,0.086,0.08803,0.0928,0.095,0.098,0.10211,0.105,0.10965,0.115,0.122,0.131,0.14173,0.159,0.19827,0.22008,0.246,0.27016,0.32035,0.46136,1.48978,1.58462,1.642,1.698,1.737,1.779,1.82251,1.876,1.93405,1.96446,2.003,2.02872,2.065,2.0919,2.10934,2.12344,2.14321,2.15998,2.172,2.185,2.197,2.20812,2.22,2.2372,2.25537,2.28214,2.307,2.34368,2.3708,2.39222,2.4209,2.45076,2.478,2.5023,2.52707,2.55184,2.58561,2.62,2.66715,2.729,2.77969,2.84092,2.92561,0,0,0,NA,NA,0,0,0,0,0,0,0,0,0,0,0,0,0,0,0,0,0,0,0,0,0,0,0,0,0,0,0,0,0,0,0,0,0,0,0,0,0,0,0,0,0,0,0,0,0,0,0,0,0,0,0,0,0,0,0,0,0,0,0,0,0,0,0,0,0,0,0,0,0,0,0,0,0,0,0,0,0,0,0,0,0,0,0,0,0,0,0,0,0,0,0,0,0,0,0,0,0,0,0,586688.313,9603238,2.98,16.91
48,0.903946615,1.096360053,0.106,2.916,0.638921539,-1.450514102,0.768156609,0,0,0.001,0.0046,0.007,0.009,0.012,0.014,0.017,0.019,0.021,0.023,0.025,0.027,0.029,0.031,0.032,0.035,0.037,0.039,0.04,0.042,0.04395,0.045,0.047,0.05,0.052,0.053,0.055,0.057,0.059,0.061,0.063,0.065,0.067,0.068,0.07,0.072,0.07335,0.075,0.078,0.081,0.083,0.085,0.088,0.091,0.095,0.099,0.103,0.106,0.11,0.116,0.122,0.129,0.135,0.1414,0.15405,0.1791,0.20835,0.295,0.373,0.4696,0.94995,1.468,1.6295,1.7148,1.745,1.7844,1.85655,1.93,2.06915,2.127,2.15945,2.1732,2.182,2.201,2.21605,2.235,2.27135,2.326,2.3663,2.39,2.4239,2.454,2.4795,2.497,2.521,2.547,2.5657,2.5835,2.60215,2.6158,2.63145,2.646,2.66675,2.6884,2.729,2.756,2.80405,0,0,0,NA,NA,0,0,0,0,0,0,0,0,0,0,0,0,0,0,0,0,0,0,0,0,0,0,0,0,0,0,0,0,0,0,0,0,0,0,0,0,0,0,0,0,0,0,0,0,0,0,0,0,0,0,0,0,0,0,0,0,0,0,0,0,0,0,0,0,0,0,0,0,0,0,0,0,0,0,0,0,0,0,0,0,0,0,0,0,0,0,0,0,0,0,0,0,0,0,0,0,0,0,0,586686.125,9603245,2.916,21.02
51,0.715438485,0.858317233,0.132,2.741,0.844036651,-0.891217032,0.759146201,0,0,0.004,0.008,0.011,0.014,0.018,0.021,0.023,0.026,0.028,0.03,0.032,0.034,0.037,0.039,0.04,0.043,0.045,0.047,0.048,0.05,0.051,0.053,0.054,0.05616,0.058,0.06,0.062,0.064,0.066,0.069,0.07,0.072,0.074,0.077,0.079,0.082,0.086,0.089,0.09156,0.094,0.097,0.101,0.105,0.109,0.113,0.11768,0.125,0.132,0.13816,0.145,0.156,0.168,0.1888,0.21096,0.244,0.2954,0.342,0.4106,0.46976,0.55092,0.62808,0.759,0.8698,0.96368,1.01572,1.11592,1.22204,1.3006,1.37836,1.44904,1.50704,1.54852,1.603,1.64532,1.69032,1.72248,1.747,1.7678,1.79296,1.81324,1.83928,1.85444,1.871,1.89052,1.90492,1.922,1.942,1.979,2.02212,2.18788,2.22588,2.272,2.321,2.42272,2.51152,2.57836,2.635,0,0,0,NA,NA,0,0,0,0,0,0,0,0,0,0,0,0,0,0,0,0,0,0,0,0,0,0,0,0,0,0,0,0,0,0,0,0,0,0,0,0,0,0,0,0,0,0,0,0,0,0,0,0,0,0,0,0,0,0,0,0,0,0,0,0,0,0,0,0,0,0,0,0,0,0,0,0,0,0,0,0,0,0,0,0,0,0,0,0,0,0,0,0,0,0,0,0,0,0,0,0,0,0,0,586695.188,9603250,2.741,11.67
52,0.666260677,0.942698526,0.089,2.74,1.030424555,-0.802084536,0.695506095,0,0,0.002,0.006,0.008,0.011,0.014,0.016,0.018,0.02,0.02285,0.025,0.027,0.029,0.03,0.032,0.034,0.035,0.037,0.039,0.04,0.042,0.044,0.045,0.047,0.048,0.049,0.051,0.052,0.054,0.056,0.057,0.059,0.06,0.062,0.063,0.065,0.066,0.068,0.07,0.071,0.073,0.074,0.076,0.078,0.08,0.082,0.084,0.087,0.089,0.092,0.095,0.098,0.101,0.104,0.107,0.111,0.114,0.119,0.123,0.13,0.137,0.145,0.155,0.16675,0.179,0.206,0.2338,0.265,0.331,0.6424,1.1642,1.3892,1.7378,1.852,1.904,1.93695,1.966,1.98665,2.013,2.03235,2.056,2.08205,2.107,2.135,2.1601,2.183,2.208,2.232,2.2625,2.289,2.317,2.3661,2.415,2.448,2.4796,2.51,2.543,2.5823,0,0,0,NA,NA,0,0,0,0,0,0,0,0,0,0,0,0,0,0,0,0,0,0,0,0,0,0,0,0,0,0,0,0,0,0,0,0,0,0,0,0,0,0,0,0,0,0,0,0,0,0,0,0,0,0,0,0,0,0,0,0,0,0,0,0,0,0,0,0,0,0,0,0,0,0,0,0,0,0,0,0,0,0,0,0,0,0,0,0,0,0,0,0,0,0,0,0,0,0,0,0,0,0,0,586673.25,9603237,2.74,17.72
53,1.217409558,1.028845043,1.654,2.726,-0.1268178,-1.815398325,0.939914515,0,0.002,0.009,0.014,0.018,0.021,0.02461,0.028,0.03,0.033,0.036,0.038,0.041,0.044,0.046,0.049,0.052,0.054,0.057,0.059,0.062,0.064,0.066,0.069,0.071,0.074,0.076,0.078,0.081,0.083,0.086,0.089,0.093,0.096,0.1,0.105,0.111,0.118,0.12697,0.141,0.157,0.19,0.6298,1.31596,1.435,1.48958,1.538,1.59604,1.63127,1.654,1.678,1.703,1.723,1.755,1.79465,1.82476,1.858,1.90034,1.934,1.9798,2.01003,2.02926,2.04449,2.061,2.07395,2.08518,2.097,2.10764,2.117,2.126,2.13433,2.144,2.154,2.168,2.181,2.19448,2.206,2.218,2.232,2.244,2.25463,2.265,2.277,2.287,2.298,2.309,2.323,2.338,2.355,2.371,2.39793,2.428,2.45039,2.47062,2.493,2.51708,2.53931,2.565,2.615,0,0,0,NA,NA,0,0,0,0,0,0,0,0,0,0,0,0,0,0,0,0,0,0,0,0,0,0,0,0,0,0,0,0,0,0,0,0,0,0,0,0,0,0,0,0,0,0,0,0,0,0,0,0,0,0,0,0,0,0,0,0,0,0,0,0,0,0,0,0,0,0,0,0,0,0,0,0,0,0,0,0,0,0,0,0,0,0,0,0,0,0,0,0,0,0,0,0,0,0,0,0,0,0,0,586670.938,9603249,2.726,30.3
54,0.264550168,0.613608985,0.067,2.705,2.929380554,6.904389594,0.312176501,0,0,0.00282,0.00576,0.008,0.01,0.013,0.015,0.017,0.019,0.02,0.021,0.023,0.024,0.026,0.028,0.029,0.03,0.032,0.033,0.034,0.035,0.037,0.038,0.039,0.04,0.041,0.043,0.044,0.045,0.046,0.047,0.048,0.049,0.05,0.052,0.053,0.054,0.055,0.056,0.057,0.058,0.059,0.06,0.061,0.063,0.064,0.065,0.066,0.067,0.068,0.069,0.071,0.072,0.073,0.075,0.076,0.078,0.079,0.08,0.082,0.083,0.085,0.086,0.088,0.09,0.092,0.094,0.096,0.098,0.1,0.102,0.105,0.107,0.11,0.113,0.11538,0.119,0.122,0.126,0.13,0.135,0.14,0.145,0.154,0.165,0.181,0.204,0.263,0.3466,0.94854,1.78548,2.08142,2.178,2.2333,2.268,2.305,2.422,2.534,0,0,0,NA,NA,0,0,0,0,0,0,0,0,0,0,0,0,0,0,0,0,0,0,0,0,0,0,0,0,0,0,0,0,0,0,0,0,0,0,0,0,0,0,0,0,0,0,0,0,0,0,0,0,0,0,0,0,0,0,0,0,0,0,0,0,0,0,0,0,0,0,0,0,0,0,0,0,0,0,0,0,0,0,0,0,0,0,0,0,0,0,0,0,0,0,0,0,0,0,0,0,0,0,0,586672.25,9603241,2.705,6.05
55,1.028326264,1.032567079,0.125,2.688,0.188796204,-1.82969775,0.930136998,0,0,0.003,0.007,0.00975,0.012,0.014,0.016,0.018,0.02,0.022,0.025,0.027,0.029,0.031,0.033,0.03455,0.036,0.03785,0.039,0.041,0.042,0.044,0.046,0.048,0.05,0.052,0.054,0.056,0.058,0.061,0.062,0.06495,0.066,0.069,0.072,0.074,0.076,0.078,0.082,0.084,0.087,0.09,0.093,0.097,0.1009,0.106,0.112,0.119,0.125,0.15865,0.7282,1.50625,1.683,1.707,1.725,1.74255,1.7654,1.785,1.81,1.82315,1.838,1.84945,1.8648,1.876,1.887,1.898,1.906,1.91535,1.9265,1.9463,1.9658,1.98995,2.0031,2.047,2.1006,2.12655,2.148,2.16285,2.173,2.185,2.2003,2.21745,2.2276,2.24675,2.263,2.278,2.293,2.33235,2.3645,2.39265,2.4174,2.438,2.4572,2.478,2.497,2.51775,2.5451,2.56455,0,0,0,NA,NA,0,0,0,0,0,0,0,0,0,0,0,0,0,0,0,0,0,0,0,0,0,0,0,0,0,0,0,0,0,0,0,0,0,0,0,0,0,0,0,0,0,0,0,0,0,0,0,0,0,0,0,0,0,0,0,0,0,0,0,0,0,0,0,0,0,0,0,0,0,0,0,0,0,0,0,0,0,0,0,0,0,0,0,0,0,0,0,0,0,0,0,0,0,0,0,0,0,0,0,586671.438,9603252,2.688,5.74
56,0.927314756,0.902336344,0.611,2.679,0.257217173,-1.656929719,0.919197192,0,0,0.004,0.007,0.011,0.014,0.017,0.01924,0.022,0.025,0.027,0.03,0.032,0.034,0.036,0.038,0.041,0.042,0.044,0.046,0.048,0.05,0.052,0.054,0.056,0.058,0.06,0.062,0.064,0.065,0.067,0.07,0.072,0.074,0.077,0.08,0.084,0.087,0.09,0.095,0.1,0.105,0.112,0.119,0.13,0.14688,0.18316,0.257,0.40844,0.611,0.82468,1.01256,1.117,1.174,1.2234,1.25768,1.287,1.326,1.38,1.4298,1.476,1.509,1.539,1.566,1.59,1.609,1.628,1.646,1.665,1.687,1.707,1.729,1.75,1.77372,1.799,1.825,1.859,1.89584,1.924,1.953,1.975,1.997,2.017,2.033,2.053,2.073,2.095,2.11464,2.134,2.154,2.172,2.194,2.217,2.23632,2.265,2.301,2.34216,2.395,2.45572,0,0,0,NA,NA,0,0,0,0,0,0,0,0,0,0,0,0,0,0,0,0,0,0,0,0,0,0,0,0,0,0,0,0,0,0,0,0,0,0,0,0,0,0,0,0,0,0,0,0,0,0,0,0,0,0,0,0,0,0,0,0,0,0,0,0,0,0,0,0,0,0,0,0,0,0,0,0,0,0,0,0,0,0,0,0,0,0,0,0,0,0,0,0,0,0,0,0,0,0,0,0,0,0,0,586677.313,9603237,2.679,51.12
57,0.482990163,0.726771914,0.077,2.67,1.409116053,0.379079632,0.596160011,0,0,0.001,0.00348,0.005,0.006,0.008,0.01,0.011,0.012,0.014,0.016,0.018,0.02,0.022,0.023,0.024,0.026,0.028,0.03,0.032,0.033,0.034,0.036,0.037,0.039,0.04,0.042,0.043,0.045,0.046,0.04784,0.049,0.05,0.052,0.053,0.055,0.056,0.058,0.059,0.061,0.063,0.064,0.066,0.068,0.069,0.072,0.074,0.076,0.077,0.079,0.08124,0.084,0.086,0.088,0.09,0.093,0.096,0.099,0.104,0.108,0.115,0.123,0.13468,0.15705,0.17726,0.20979,0.24092,0.303,0.3618,0.39935,0.46612,0.509,0.57,0.61375,0.683,0.73288,0.85972,1.04792,1.2204,1.31991,1.4194,1.51642,1.58708,1.64145,1.701,1.73457,1.77112,1.81193,1.8682,1.91202,1.96804,2.00382,2.036,2.05845,2.096,2.15668,2.23386,2.34663,0,0,0,NA,NA,0,0,0,0,0,0,0,0,0,0,0,0,0,0,0,0,0,0,0,0,0,0,0,0,0,0,0,0,0,0,0,0,0,0,0,0,0,0,0,0,0,0,0,0,0,0,0,0,0,0,0,0,0,0,0,0,0,0,0,0,0,0,0,0,0,0,0,0,0,0,0,0,0,0,0,0,0,0,0,0,0,0,0,0,0,0,0,0,0,0,0,0,0,0,0,0,0,0,0,586687.063,9603242,2.67,18.14
58,1.136873458,0.90040379,1.528,2.651,-0.231581979,-1.737346217,0.967160829,0,0.002,0.007,0.012,0.016,0.02,0.023,0.027,0.03,0.032,0.035,0.038,0.04,0.042,0.045,0.048,0.05,0.052,0.054,0.056,0.059,0.061,0.064,0.067,0.07,0.073,0.075,0.079,0.082,0.086,0.09,0.096,0.101,0.107,0.11465,0.12724,0.148,0.18,0.35104,0.745,0.98319,1.16112,1.32237,1.37196,1.411,1.448,1.473,1.491,1.51191,1.528,1.54409,1.559,1.58,1.61186,1.63945,1.675,1.71263,1.742,1.768,1.787,1.803,1.816,1.834,1.85,1.86035,1.873,1.882,1.891,1.903,1.9153,1.926,1.935,1.94507,1.956,1.966,1.978,1.985,1.994,2.002,2.01,2.016,2.024,2.032,2.04,2.047,2.053,2.062,2.068,2.076,2.086,2.09669,2.109,2.123,2.13746,2.157,2.17564,2.20923,2.294,2.49,0,0,0,NA,NA,0,0,0,0,0,0,0,0,0,0,0,0,0,0,0,0,0,0,0,0,0,0,0,0,0,0,0,0,0,0,0,0,0,0,0,0,0,0,0,0,0,0,0,0,0,0,0,0,0,0,0,0,0,0,0,0,0,0,0,0,0,0,0,0,0,0,0,0,0,0,0,0,0,0,0,0,0,0,0,0,0,0,0,0,0,0,0,0,0,0,0,0,0,0,0,0,0,0,0,586674.125,9603242,2.651,6.05
59,0.911354447,0.941257861,0.2175,2.604,0.334401141,-1.752803619,0.899507912,0,0,0.002,0.006,0.01,0.013,0.015,0.018,0.02,0.023,0.025,0.027,0.03,0.032,0.034,0.037,0.039,0.041,0.04365,0.046,0.048,0.05,0.052,0.055,0.057,0.06,0.063,0.065,0.068,0.071,0.073,0.076,0.079,0.083,0.086,0.0906,0.095,0.1,0.105,0.11,0.116,0.123,0.13,0.136,0.143,0.152,0.162,0.175,0.19215,0.2175,0.246,0.288,0.33,0.3719,0.45875,0.8172,1.174,1.2596,1.34565,1.45,1.553,1.6574,1.7241,1.779,1.815,1.836,1.851,1.87,1.886,1.897,1.908,1.919,1.93255,1.9449,1.955,1.968,1.979,1.991,2.003,2.015,2.024,2.036,2.049,2.061,2.074,2.086,2.1,2.113,2.129,2.148,2.17,2.186,2.205,2.2269,2.242,2.2666,2.296,2.3383,2.403,0,0,0,NA,NA,0,0,0,0,0,0,0,0,0,0,0,0,0,0,0,0,0,0,0,0,0,0,0,0,0,0,0,0,0,0,0,0,0,0,0,0,0,0,0,0,0,0,0,0,0,0,0,0,0,0,0,0,0,0,0,0,0,0,0,0,0,0,0,0,0,0,0,0,0,0,0,0,0,0,0,0,0,0,0,0,0,0,0,0,0,0,0,0,0,0,0,0,0,0,0,0,0,0,0,586685.938,9603240,2.604,13.99
60,0.368798347,0.700782171,0.066,2.575,1.98453805,2.241997856,0.494602068,0,0,0.002,0.006,0.008,0.01,0.012,0.015,0.017,0.019,0.02091,0.023,0.024,0.026,0.027,0.028,0.029,0.03058,0.031,0.033,0.033,0.034,0.036,0.037,0.037,0.038,0.039,0.04,0.041,0.042,0.043,0.045,0.046,0.047,0.048,0.05,0.051,0.052,0.053,0.054,0.055,0.056,0.058,0.059,0.06,0.061,0.062,0.064,0.065,0.066,0.067,0.069,0.07,0.072,0.074,0.075,0.076,0.078,0.08,0.082,0.084,0.086,0.088,0.09,0.09165,0.094,0.096,0.09808,0.101,0.104,0.107,0.111,0.115,0.119,0.124,0.132,0.14,0.14872,0.18698,0.199,0.209,0.22568,0.27223,0.92516,1.4323,1.56198,1.614,1.66812,1.73918,1.8029,1.848,1.87856,1.92766,2.03466,2.22795,2.30176,2.34657,2.38276,2.41519,0,0,0,NA,NA,0,0,0,0,0,0,0,0,0,0,0,0,0,0,0,0,0,0,0,0,0,0,0,0,0,0,0,0,0,0,0,0,0,0,0,0,0,0,0,0,0,0,0,0,0,0,0,0,0,0,0,0,0,0,0,0,0,0,0,0,0,0,0,0,0,0,0,0,0,0,0,0,0,0,0,0,0,0,0,0,0,0,0,0,0,0,0,0,0,0,0,0,0,0,0,0,0,0,0,586671.125,9603247,2.575,22.9
61,0.597821971,0.832421464,0.074,2.569,0.966164608,-0.913532049,0.723397491,0,0,0.002,0.004,0.006,0.009,0.011,0.013,0.015,0.017,0.019,0.021,0.023,0.024,0.026,0.027,0.029,0.031,0.032,0.034,0.035,0.037,0.038,0.04,0.041,0.042,0.044,0.045,0.047,0.048,0.049,0.05,0.05113,0.053,0.054,0.055,0.056,0.058,0.059,0.06,0.062,0.063,0.064,0.065,0.067,0.068,0.069,0.071,0.072,0.074,0.075,0.077,0.079,0.08,0.083,0.085,0.088,0.09,0.092,0.095,0.098,0.102,0.107,0.114,0.123,0.135,0.153,0.179,0.32445,0.812,1.27548,1.457,1.488,1.506,1.529,1.55836,1.614,1.667,1.71119,1.753,1.79141,1.823,1.83863,1.864,1.895,1.919,1.934,1.95168,1.968,1.986,2.00751,2.027,2.04873,2.07134,2.091,2.11356,2.13817,2.17912,2.36102,0,0,0,NA,NA,0,0,0,0,0,0,0,0,0,0,0,0,0,0,0,0,0,0,0,0,0,0,0,0,0,0,0,0,0,0,0,0,0,0,0,0,0,0,0,0,0,0,0,0,0,0,0,0,0,0,0,0,0,0,0,0,0,0,0,0,0,0,0,0,0,0,0,0,0,0,0,0,0,0,0,0,0,0,0,0,0,0,0,0,0,0,0,0,0,0,0,0,0,0,0,0,0,0,0,586672.938,9603245,2.569,22.9
62,0.438838475,0.721399244,0.068,2.491,1.51275181,0.572325162,0.591141908,0,0,0.004,0.007,0.01,0.012,0.014,0.016,0.018,0.019,0.021,0.022,0.024,0.025,0.027,0.028,0.03,0.031,0.033,0.034,0.035,0.036,0.038,0.039,0.04,0.041,0.042,0.043,0.044,0.045,0.047,0.047,0.04836,0.05,0.051,0.052,0.053,0.054,0.055,0.056,0.057,0.058,0.059,0.06,0.062,0.063,0.064,0.066,0.067,0.068,0.07,0.071,0.072,0.074,0.075,0.077,0.078,0.08,0.082,0.084,0.086,0.088,0.09,0.093,0.095,0.098,0.101,0.104,0.108,0.112,0.117,0.124,0.134,0.148,0.172,0.22684,0.45784,0.649,1.145,1.3036,1.377,1.43388,1.483,1.52228,1.558,1.593,1.65,1.68896,1.729,1.794,1.84872,1.916,1.97112,2.03548,2.0954,2.151,2.19,2.23716,2.29716,0,0,0,NA,NA,0,0,0,0,0,0,0,0,0,0,0,0,0,0,0,0,0,0,0,0,0,0,0,0,0,0,0,0,0,0,0,0,0,0,0,0,0,0,0,0,0,0,0,0,0,0,0,0,0,0,0,0,0,0,0,0,0,0,0,0,0,0,0,0,0,0,0,0,0,0,0,0,0,0,0,0,0,0,0,0,0,0,0,0,0,0,0,0,0,0,0,0,0,0,0,0,0,0,0,586664.25,9603241,2.491,4.87
63,1.024993197,0.948399639,1.0975,2.403,0.034276187,-1.899506053,0.947110541,0,0.00066,0.005,0.007,0.013,0.016,0.01831,0.021,0.023,0.025,0.02763,0.03,0.033,0.035,0.037,0.04,0.042,0.044,0.046,0.047,0.049,0.051,0.053,0.055,0.057,0.059,0.061,0.064,0.067,0.069,0.072,0.074,0.077,0.08,0.083,0.086,0.091,0.096,0.101,0.105,0.109,0.11486,0.121,0.126,0.134,0.153,0.19,0.69168,0.84085,1.0975,1.30649,1.55348,1.61596,1.63782,1.67315,1.699,1.73081,1.76014,1.78547,1.8028,1.82613,1.84792,1.866,1.88112,1.897,1.906,1.918,1.92744,1.938,1.945,1.953,1.961,1.96909,1.981,1.991,1.997,2.004,2.01174,2.02,2.026,2.035,2.044,2.05239,2.061,2.06805,2.079,2.08971,2.09804,2.10537,2.115,2.124,2.135,2.146,2.158,2.17435,2.21,2.236,2.26568,2.302,0,0,0,NA,NA,0,0,0,0,0,0,0,0,0,0,0,0,0,0,0,0,0,0,0,0,0,0,0,0,0,0,0,0,0,0,0,0,0,0,0,0,0,0,0,0,0,0,0,0,0,0,0,0,0,0,0,0,0,0,0,0,0,0,0,0,0,0,0,0,0,0,0,0,0,0,0,0,0,0,0,0,0,0,0,0,0,0,0,0,0,0,0,0,0,0,0,0,0,0,0,0,0,0,0,586666.438,9603239,2.403,12.23
64,0.155629168,0.343201269,0.061,2.268,3.738100504,13.13840983,0.194206999,0,0,0.001,0.004,0.007,0.009,0.011,0.013,0.015,0.016,0.018,0.02,0.021,0.022,0.024,0.025,0.026,0.027,0.028,0.03,0.031,0.032,0.033,0.034,0.035,0.036,0.037,0.038,0.039,0.04,0.041,0.042,0.044,0.045,0.046,0.047,0.048,0.049,0.05,0.051,0.05135,0.052,0.053,0.055,0.056,0.057,0.058,0.059,0.06,0.061,0.062,0.063,0.064,0.065,0.066,0.067,0.068,0.069,0.071,0.072,0.073,0.074,0.076,0.077,0.079,0.08,0.082,0.084,0.085,0.087,0.089,0.09,0.092,0.094,0.096,0.099,0.101,0.104,0.107,0.11,0.113,0.117,0.122,0.128,0.134,0.142,0.153,0.165,0.179,0.199,0.234,0.299,0.39555,0.7259,1.163,1.377,1.499,1.579,1.677,0,0,0,NA,NA,0,0,0,0,0,0,0,0,0,0,0,0,0,0,0,0,0,0,0,0,0,0,0,0,0,0,0,0,0,0,0,0,0,0,0,0,0,0,0,0,0,0,0,0,0,0,0,0,0,0,0,0,0,0,0,0,0,0,0,0,0,0,0,0,0,0,0,0,0,0,0,0,0,0,0,0,0,0,0,0,0,0,0,0,0,0,0,0,0,0,0,0,0,0,0,0,0,0,0,586664.563,9603245,2.268,16.28
